judul,label
IMPLEMENTASI K-MEANS CLUSTERING PADA TERJEMAHAN AL-QUR’AN BERDASARKAN KETERKAITAN TOPIK,AI
PERBANDINGAN METODE FAKTOR KEPASTIAN (CERTAINTY FACTOR ) DENGAN FAKTOR KEPASTIAN PENGGUNA (CERTAINTY FACTOR PARALEL) DALAM SISTEM PAKAR DIAGNOSIS GANGGUAN KEHAMILAN,AI
PENGENALAN POLA OBJEK SAYURAN PADA CITRA DIGITAL DENGAN METODE HOPFIELD NEURAL NETWORK,AI
APLIKASI PENGENALAN EKSPRESI POSE JARI TANGAN MENGGUNAKAN METODE LEARNING VECTOR QUANTIZATION (LVQ) BERBASIS ANDROID,AI
ANALISIS KLASTER PERSEBARAN ANAK DISABILITAS DI INDONESIA DENGAN SELF ORGANIZING MAPS,AI
"ANALISIS KEDUDUKAN I’RAB KALIMAT BAHASA ARAB PADA
KITAB AL – IMRITHI MENGGUNAKAN ALGORITMA BREADTH
FIRST SEARCH (BFS)",AI
PENERAPAN ANALISIS SENTIMEN PADA PENGGUNA TWITTER MENGGUNAKAN METODE K-NEAREST NEIGHBOR,AI
"PENGARUH PELATIHAN SEARCH ENGINE OPTIMIZATION
TERHADAP PENJUALAN PRODUK DENGAN PENERAPAN SEARCH
ENGINE OPTIMIZATION SEBAGAI VARIABEL INTERVENING",AI
SISTEM PAKAR DIAGNOSA DAN ANALISIS FARMAKOLOGI PENYAKIT HEWAN MENULAR ZOONOSIS MENGGUNAKAN METODE CERTAINTY FACTOR,AI
IMPLEMENTASI DATA MINING MENGGUNAKAN ALGORITMA K-MEANS CLUSTERINNG UNTUK MENGETAHUI POLA PEMILIHAN PROGRAM STUDI MAHASISWA BARU IAIN SALATIGA,AI
PENERAPAN FUZZY INFERENCE SYSTEM UNTUK PREDIKSI HASIL PRODUKSI GULA PASIR DENGAN METODE MAMDANI,AI
ALGORITMA PENENTUAN KELAS KATA PADA KATA-KATA YANG MEMILIKI SIFAT AMBIGU DALAM PART-OF-SPEECH TAGGING BAHASA INDONESIA DENGAN METODE RULE BASED,AI
PENERAPAN FUZZY INFERENCE SYSTEM UNTUK MEMPREDIKSI KUALITAS AIR SUNGAI DENGAN METODE MAMDANI,AI
CLUSTERING DATA BAKTERI ACETOBACTERACEAE BERDASARKAN CIRI-CIRI DAN SPESIES MENGGUNAKAN FUZZY C-MEANS,AI
SISTEM PAKAR DIAGNOSA PENYAKIT TANAMAN BAWANG MERAH MENGGUNAKAN METODE CERTAINTY FACTOR,AI
CLUSTERING CITRA TANAH MENGGUNAKAN ALGORITMA FUZZY C-MEANS UNTUK MENILAI KESESUAIAN LAHAN PADA TANAMAN CENGKEH,AI
STUDI PERBANDINGAN ALGORITMA THINNING ZHANG-SUEN DAN ALGORITMA THINNING STENTIFORD PADA PENGENALAN POLA CITRA KARAKTER TULISAN TANGAN,AI
APLIKASI JARINGAN SYARAF TIRUAN MENGGUNAKAN METODE LEARNING VECTOR QUANTIZATION DALAM PENGENALAN POLA HURUF PEGON JAWA,AI
SISTEM PAKAR BERBASIS WEB UNTUK MENDIAGNOSA PENYAKIT ANJING MENGGUNAKAN FORWARD CHAINING,AI
PENGENALAN KARAKTER TULISAN TANGAN HURUF JAWA MENGGUNAKAN METODE JARINGAN SARAF TIRUAN BACKPROPAGATION,AI
ANALISIS SENTIMEN KOMENTAR PADA SISTEM PENILAIAN KINERJA INSTRUKTUR TRAINING ICT (INFORMATION AND COMMUNICATION TECHNOLOGY) UIN SUNAN KALIJAGA MENGGUNAKAN NAÏVE BAYES CLASSIFIER,AI
APLIKASI BASIS DATA FUZZYMODEL TAHANI BERBASIS WEB UNTUK PEMILIHAN TEMPAT MAKAN DI D.I. YOGYAKARTA,AI
IDENTIFIKASI CITRA KAYU JATI DAN KAYU AKASIA MENGGUNAKAN GLCM DAN ALGORITMA PERCEPTRON,AI
HUBUNGAN RELEVANSI HASHTAG TERHADAP JUMLAH LIKE PADA FOTO INSTAGRAM,AI
PENERAPAN METODE DATA MINING UNTUK MENENTUKAN PENGELOMPOKAN UANG KULIAH TUNGGAL (UKT) UIN SUNAN KALIJAGA MENGGUNAKAN ALGORITMA K-MEANS CLUSTERING,AI
IMPLEMENTASI AUGMENTED REALITY DALAM PENGENALAN BUAH DAN BINATANG PADA ANAK USIA DINI,AI
ANALISIS KEBUTUHAN ACCESS POINT BERDASARKAN HISTORI TIAP LOKASI DI UNIVERISTAS ISLAM NEGERI SUNAN KALIJAGA MENGGUNAKAN METODE CLUSTERING ALGORITMA K-MEANS,AI
OPTIMASI PEMBAGIAN KELOMPOK KKN UIN SUNAN KALIJAGA YOGYAKARTA MENGGUNAKAN ALGORITMA GENETIKA,AI
ANALISIS DAN PERANCANGAN SISTEM PENGOLAHAN CITRA DIGITAL UNTUK MENENTUKAN BERAT BADAN IDEAL MANUSIA MENGGUNAKAN METODE DETEKSI TEPI,AI
SISTEM PENDUKUNG KEPUTUSAN KLINIS UNTUK MENDIAGNOSA PENYAKIT DIABETES MELITUS DENGAN MENGGUNAKAN METODE CERTAINTY FACTOR,AI
PERANCANGAN SISTEM PENDUKUNG KEPUTUSAN PEMILIHAN OBYEK WISATA PANTAI DI GUNUNGKIDUL MENGGUNAKAN METODE FUZZY AHP,AI
APLIKASI FUZZY INFERENCE SYSTEM METODE MAMDANI UNTUK PEMILIHAN JURUSAN DI PERGURUAN TINGGI,AI
"PENGENALAN JARI TANGAN MANUSIA PADA SISTEM KAMERA
PROYEKTOR SEBAGAI MOUSE POINTER
",AI
"PENCARIAN TEMPAT KOS DENGAN TEKNOLOGI
AUGMENTED REALITY BERBASIS SMARTPHONE
ANDROID
",AI
"SISTEM PAKAR BERBASIS WEB UNTUK MENDIAGNOSA 
PENYAKIT EPILEPSI DAN PENANGANANNYA 
MENGGUNAKAN THEOREMA BAYES 
",AI
"SISTEM PAKAR BERBASIS WEB UNTUK
DIAGNOSA DAN PENANGANAN PENYAKIT PADA
BINATANG KUCING MENGGUNAKAN
PROBABILITAS DAN TEOREMA BAYES
",AI
"PERBANDINGAN METODE DETEKSI TEPI
DALAM KASUS PENGENALAN POLA GOLONGAN DARAH
MENGGUNAKAN ALGORITMA RUNUT BALIK
( BACK PROPAGATION )
",AI
"CLUSTERING DATA PASIEN MENGGUNAKAN
FUZZY C-MEANS DAN 
AGGLOMERATIVE HIERARCHICAL CLUSTERING",AI
"APLIKASI JARINGAN SYARAF TIRUAN DENGAN MENGGUNAKAN
METODE BACKPROPAGATION DALAM KASUS PENGENALAN POLA 

 
HURUF HIJAIYAH
",AI
"PROTOTIPE SISTEM PARKIR OTOMATIS BERBASIS
MIKROKONTROLER ATMEGA-16 
",AI
"IMPLEMENTASI CLUSTER PADA WEB SERVER 
BERBASIS CLOUD COMPUTING",AI
"
PENGOLAHAN CITRA MIKROSKOPIS 
UNTUK MENGHITUNG SEL KURKUMIN 
PADA CITRA NANOPARTIKEL 
",AI
"IMPLEMENTASI SISTEM PAKAR DI BIDANG KEDOKTERAN UNTUK MENDIAGNOSA 
KANKER KANDUNGAN MENGGUNAKAN METODE 
CERTAINTY FACTOR
",AI
"SEGMENTASI CITRA MEDIS 
MENGGUNAKAN METODE OTSU DAN ITERASI 
",AI
"PENGEMBANGAN APLIKASI MOBILE-LEARNING
PADA SMARTPHONE BERBASIS ANDROID 
",AI
SISTEM PAKAR IDENTIFIKASI KERACUNAN AKIBAT BAHAN KIMIA MENGGUNAKAN FAKTOR KEPASTIAN (CERTAINTY FACTOR) BERBASIS WEB (STUDY KASUS DI CV. TEDJO OBOR KIMIA),AI
"PENGENALAN WAJAH MENGGUNAKAN JST 
BERDASARKAN EKSTRAKSI CIRI PCA DAN LDA
",AI
"STUDI KOMPARASI KINERJA JARINGAN SARAF TIRUAN
DAN FUZZY UNTUK PENGENALAN JENIS BUNGA
BERDASARKAN FITUR WARNA
",AI
NAJIB ABDILLAH - NIM. 10651039 IMPLEMENTASI ALGORITMA BREADTH,AI
"PENGEMBANGAN APLIKASI REKOMENDASI PANDUAN
WISATA DI DIY MENGGUNAKAN
ALGORITMA K-NEAREST NEIGHBOR (K-NN)",AI
" PERBAIKAN KUALITAS CITRA HASIL INVERSI DENGAN MENGGUNAKAN ALGORITMA UNSHARP MASKING FILTER (UMF) PADA KOLEKSI MIKROFILM NEGATIF MUSEUM SONOBUDOYO YOGYAKARTA 
",AI
"STUDI KOMPARASI PERAMALAN 
HARGA PENUTUPAN JAKARTA ISLAMIC INDEX (JII) 
DENGAN METODE GENERALIZED REGRESSION NEURAL NETWORK DAN FEED FORWARD NEURAL NETWORK",AI
"PERBANDINGAN METODE JARINGAN SYARAF TIRUAN
BACKPROPAGATION DAN ALGORITMA PENCOCOKAN DALAM
MENGIDENTIFIKASI KEMATANGAN TOMAT BUAH
BERDASARKAN CIRI WARNA RGB

",AI
"PENGOLAHAN CITRA DIGITAL UNTUK PERKIRAAN USIA
POHON JATI (Tectona grandis Linn.f)

",AI
"PENGENALAN POLA HURUF JEPANG
MENGGUNAKAN TESSERACT ENGINE

",AI
"ANALISA HASIL PERBANDINGAN PERINGKASAN TEKS OTOMATIS
UNTUK BERITA ONLINE MENGGUNAKAN METODE
TERM FREQUENCY– INVERSE DOCUMENT FREQUENCY
DENGAN CORPUS DAN NON CORPUS
(STUDI KASUS BBC MAGAZINE ONLINE)

",AI
"PENERAPAN DATA MINING UNTUK ANALISIS POLA PEMBELIAN
KONSUMEN DENGAN ALGORITMA APRIORI PADA DATA
TRANSAKSI PENJUALAN
( STUDI KASUS : PAMELLA SUPERMARKET )

",AI
ANALISIS KINERJA ALGORITMA FUZZY C-MEANS DAN K-MEANS PADA DATA KEMISKINAN,AI
"INTERACTIVE STORYTELLING VISUAL NOVEL
PARIWISATA YOGYAKARTA UNTUK TURIS ASING
DENGAN METODE FINITE STATE MACHINE
",AI
"ANALISA PERBANDINGAN METODE KINECT GRAYSCALE DAN
KINECT DEPTH IMAGE UNTUK DIAPLIKASIKAN DALAM USER
INTERFACE
",AI
SISTEM INFORMASI MANAJEMEN PESANTREN AL LUQMANIYYAH YOGYAKARTA,AI
"IMPLEMENTASI ONLINE EXAM CONTROL
PROCEDURES (OECPs)
DI UIN SUNAN KALIJAGA YOGYAKARTA
",AI
"SISTEM PENDUKUNG KEPUTUSAN PEMILIHAN KEYWORD UNTUK
PEMASANGAN IKLAN PADA GOOGLE ADWORDS MENGGUNAKAN
METODE ANALYTICAL HIERARCHY PROCESS
",AI
 INTELLIGENT TUTORING SYSTEM MENGGUNAKAN METODE BAYESIAN NETWORK PADA PELAJARAN NAHWU-SHOROF BERBASIS DEKSTOP ,AI
"ANALISIS ASOSIASI DATA DENGAN ALGORITMA APRIORI UNTUK
SISTEM PENDUKUNG KEPUTUSAN PENJUALAN BARANG BERBASIS
WEB
",AI
"SISTEM PENENTUAN TINGKAT RESIKO PENYAKIT JANTUNG
KORONER DAN KARDIOVASKULER MENGGUNAKAN METODE
FRAMINGHAM SCORE
",AI
"DETEKSI TEPI CITRA KHAT ARAB MENGGUNAKAN
OPERATOR SOBEL DAN CANNY",AI
"PENGENALAN POLA HANDWRITINGCITRA ANGKA ARAB
MENGGUNAKAN JST BACKPROPAGATION",AI
"PENGENALAN POLA CITRA IRIS MATA
MENGGUNAKAN JARINGAN SYARAF TIRUAN BACKPROPAGATION
UNTUK MENDETEKSI PENYAKIT KULIT PADA MANUSIA",AI
"APLIKASI FUZZY INFERENCE SYSTEM DENGAN METODE MAMDANI
UNTUK PEMILIHAN JURUSAN DI MAN LAB UIN YOGYAKARTA",AI
"APLIKASI FUZZY INFERENCE SYSTEM DENGAN METODE MAMDANI
UNTUK PEMILIHAN JURUSAN DI MAN LAB UIN YOGYAKARTA",AI
"PENERAPAN DATA MINING UNTUK MEMPREDIKSI KLASIFIKASI
JUMLAH PEMBACA SEBUAH ARTIKEL PADA SITUS BERANDA.CO.ID
MENGGUNAKAN ALGORITMA BAYESIAN CLASSIFICATION",AI
"PERANCANGAN SISTEM PENGOLAHAN CITRA DIGITAL UNTUK
MENENTUKAN BOBOT SAPI MENGGUNAKAN METODE CANNY EDGE
DETECTION",AI
PENGOLAHAN CITRA SAYATAN TIPIS MENGGUNAKAN ALGORITMA MULTILEVEL OTSU’S THRESHOLDING PADA BATUAN BEKU,AI
ANALISIS METODE PREPROCESSING PADA CITRA MAMMOGRAM,AI
"ANALISIS RENTET WAKTU PADA DATA PENDONOR DAN
KEBUTUHAN DARAH MENGGUNAKAN ALGORITMA LINEAR
REGRESSION DAN LEAST SQUARE",AI
"IMPLEMENTASI BASIS DATA TERDISTRIBUSI UNTUK
MENINGKATKAN KONSISTENSI DATA KEPENDUDUKAN",AI
"IMPLEMENTASI METODE HETEROGENOUS DISTRIBUTED
DATABASE SYSTEM MENGGUNAKAN ORACLE XE 10G DAN MYSQL
PADA DATA REKAM MEDIS SISTEM INFORMASI POLI KLINIK
UIN SUNAN KALIJAGA",AI
"PENERAPAN DATA MINING UNTUK ANALISIS PENGARUH LAMA
STUDI MAHASISWA TEKNIK INFORMATIKA UIN SUNAN KALIJAGA
YOGYAKARTA MENGGUNAKAN METODE APRIORI",AI
PERBANDINGAN KINERJA JARINGAN SYARAF TIRUAN DAN FUZZY INFERENCE SYSTEM UNTUK PREDIKSI PRESTASI PESERTA DIDIK,AI
"KLASIFIKASI CITRA DAGING SAPI DAN DAGING BABI
BERDASARKAN CIRI WARNA DAN TEKSTUR",AI
SISTEM PAKAR REKOMENDASI PROFESI BERDASARKAN MULTIPLE INTELLIGENCES MENGGUNAKAN TEOREMA BAYESIAN,AI
JARINGAN SYARAF TIRUAN ALGORITMA BACKPROPAGATION UNTUK PERAMALAN HARGA INDEX SAHAM SYARIAH PADA BURSA EFEK INDONESIA,AI
JARINGAN SYARAF TIRUAN BACKPROPAGATION UNTUK MEMPREDIKSI LAYANAN PERAWATAN DI MAIRA SALON DAN SPA,AI
"PENGEMBANGAN APLIKASI KUNCI DETERMINASI TUMBUHAN
BERBASIS ANDROID DENGAN METODE FORWARD CHAINING",AI
"PENERAPAN LOGIKA FUZZY MAMDANI
UNTUK PREDIKSI HASIL PRODUKSI TELUR AYAM",AI
"PENERAPAN FUZZY INFERENCE SYSTEM
PEMBERIAN DANA PINJAMAN MENGGUNAKAN
METODE MAMDANI",AI
SISTEM REKOMENDASI PEMINATAN KONSENTRASI PADA JURUSAN TEKNIK INFORMATIKA MENGGUNAKAN ALGORITMA BACKPROPAGATION,AI
SISTEM PAKAR DIAGNOSA PENYAKIT DEGENERATIF PADA LANJUT USIA MENGGUNAKAN METODE CERTAINTY FACTOR BERBASIS WEB,AI
"ANALISIS PENERAPAN METODE FUZZY MULTI ATTRIBUTE DECISION
MAKING PADA SELEKSI PEGAWAI TELADAN DI PT. ASELI DAGADU
DJOKDJA",AI
PENERAPAN DATA MINING UNTUK MENENTUKAN STRATEGI PROMOSI UNIVERSITAS PGRI YOGYAKARTA MENGGUNAKAN ALGORITMA K-MEANS CLUSTERING,AI
"PENERAPAN LOGIKA FUZZY MAMDANI
UNTUK PREDIKSI HASIL PRODUKSI IKAN AIR TAWAR",AI
"IMPLEMENTASI FUZZY MAMDANI UNTUK ANALISIS
USABILITAS TERHADAP SISTEM INFORMASI AKADEMIK
UIN SUNAN KALIJAGA YOGYAKARTA",AI
"PENERAPAN DATA MINING UNTUK MENGETAHUI POLA
PEMILIHAN PROGRAM STUDI MAHASISWA BARU UIN SUNAN
KALIJAGA MENGGUNAKAN ALGORITMA K-MEANS CLUSTERING",AI
"PENERAPAN LOGIKA FUZZY MAMDANI
UNTUK PREDIKSI JUMLAH PRODUKSI TAHU",AI
REKAYASA ALGORITMA CAESAR CIPHER DALAM BENTUK RGB MENGGUNAKAN ASCII,Jaringan
IMPLEMENTASI ALGORITMA HUFFMAN DALAM KOMPRESI DATA PADA DATABASE,Jaringan
ANALISIS PENGGUNAAN MEMORI INTERNAL PADA PERANGKAT LUNAK VIDEO EDITING,Jaringan
"PENGEMBANGAN MESIN ANTRIAN BERBASIS WEB
MENGGUNAKAN RASPBERRY dan ESP8266",Jaringan
ANALISIS QUALITY OF SERVICE (QOS) LAYANAN VIDEO STREAMING YOUTUBE PADA JARINGAN WIRELESS DI LINGKUNGAN FAKULTAS SAINS DAN TEKNOLOGI UIN SUNAN KALIJAGA,Jaringan
"ANALISIS PERBANDINGAN QUALITY OF SERVICE (QOS) TERHADAP KEKUATAN JARINGAN BERBASIS 4G (OPERATOR TELKOMSEL, XL DAN INDOSAT) DI DAERAH SEKITAR KAMPUS UIN SUNAN KALIJAGA YOGYAKARTA",Jaringan
ANALISIS FORENSIK DIGITAL PADA SMARTPHONE ANDROID UNTUK PENANGANAN KASUS CYBERCRIME,Jaringan
ANALISIS KINERJA WIRELESS LAN MENGGUNAKAN METODE QUALITY OF SERVICE PADA KANTOR DINAS KOMUNIKASI DAN INFORMASI KABUPATEN BANTUL,Jaringan
KRIPTANALISIS ALGORITMA VIGENERE CHIPER DENGAN ALGORITMA GENETIKA UNTUK PENENTUAN KATA KUNCI,Jaringan
ANALISIS PERBANDINGAN PERFORMA VGA 64BIT DAN 128BIT MENGGUNAKAN UJI T TEST,Jaringan
MEMBANGUN WEBSITE WALLPAPER MENGGUNAKAN API BING IMAGES,Jaringan
ANALISIS QOS DENGAN PENGUJIAN SERANGAN DDOS PADA SISTEM INFORMASI AKADEMIK UIN SUNAN KALIJAGA,Jaringan
ANALISIS PERBANDINGAN KECEPATAN BROADCAST VIDEO STREAMING PADA JARINGAN WIRELESS DAN 4G LTE DENGAN PARAMETER BANDWIDTH,Jaringan
PENGEMBANGAN PERANGKAT GATEWAY UNTUK SENSOR IOT MENGGUNAKAN BOARD RASPBERRY PI BERBASIS PROTOKOL MQTT,Jaringan
ANALISIS KUALITAS LAYANAN JARINGAN PADA LALU LINTAS DATA INTERNET APLIKASI WEB SOCIAL NETWORK FACEBOOK DAN INSTAGRAM,Jaringan
PENGEMBANGAN ALAT PEMANAS BIBIT AYAM BERBASIS INTERNET OF THINGS MENGGUNAKAN MIKROKONTROLER NODEMCU ESP8266,Jaringan
ANALISIS PENEMPATAN WIRELESS ACCESS POINT TERHADAP CAKUPAN SINYAL WI-FI DENGAN METODE PROBABILITAS BAYESIAN,Jaringan
PERBANDINGAN SISTEM VIRTUALISASI VMWARE DAN PROXMOX STUDY KASUS PADA SISTEM OPERASI DEBIAN DAN UBUNTU,Jaringan
IMPLEMENTASI ALGORITMA HILL CIPHER DENGAN MODIFIKASI PROSES MENGGUNAKAN ALGORITMA CAESAR CIPHER PADA FILE DOKUMEN PLAINTEXT,Jaringan
SISTEM KAMERA PENGAWAS GERAK OTOMATIS MENGGUNAKAN BANANA PI DAN TELEGRAM BOT,Jaringan
"ANALISIS KEAMANAN WLAN TERHADAP GANGGUAN ARP SPOOFING
(STUDI KASUS KANTOR DINAS KEBUDAYAAN DAN PARIWISATA
KABUPATEN BOYOLALI)",Jaringan
"INVESTIGASI FORENSIK PERBANDINGAN KECEPATAN SISTEM
OPERASI PROPRIETARY DAN OPEN SOURCE DALAM MENANGKAP
SERANGAN DISTRIBUTED DENIAL OF SERVICE (DDOS)",Jaringan
"ANALISIS ANTENA SEMI PARABOLIK GRID 2,4 GHz UNTUK JARINGAN WIRELESS LAN",Jaringan
PENENTUAN JARAK TERPENDEK DAN WAKTU TEMPUH MENGGUNAKAN ALGORITMA DIJKSTRA DENGAN PEMROGRAMAN BERBASIS OBJEK,Jaringan
"Aplikasi Steganografi Berbasis Short Message Service (SMS)
pada Android
",Jaringan
"ANALISIS KINERJA METODE BACKGROUND SUBTRACTION DAN
HAAR-LIKE FEATURE UNTUK MONITORING PEJALAN KAKI
MENGGUNAKAN KAMERA WEBCAM
",Jaringan
"PROTOTIPE SISTEM KONTROL JARAK JAUH RADIO WLAN
DENGAN MEMANFAATKAN JARINGAN SELULER
BERBASIS MIKROKONTROLER AVR-ATMEGA16
",Jaringan
"IMPLEMENTASI ALGORITMA DIJKSTRA PENCARIAN
RUTE TERPENDEK TRANS JOGJA
",Jaringan
PROTOTIPE ROBOT LINE FOLLOWER UNTUK TUNANETRA BERBASIS MIKROKONTROLLER AVR-ATMEGA328 DENGAN BOARD MODUL ARDUINO UNO R2 ,Jaringan
"APLIKASI ENKRIPSI SMS PADA SMARTPHONE ANDROID MENGGUNAKAN METODE VIGENERE CIPHER 
DENGAN MODIFIKASI PERSAMAAN FIBONACCI",Jaringan
KORELASI MODEL PEMBELAJARAN MENGGUNAKAN INDOBLOCKLY TERHADAP PEMAHAMAN MAHASISWA PADA MATA KULIAH PEMROGRAMAN TERSTRUKTUR ,Jaringan
"OPTIMALISASI JARINGAN WIRELESS DENGAN QoS BERBASIS
ALGORITMA HIERARCHICAL TOKEN BUCKET 
(
 HTB )",Jaringan
"PROTOTIPE SISTEM PENGUKURAN KETINGGIAN DAN DEBIT AIR 
PADA SUNGAI BERBASIS MIKROKONTROLER ATMEGA16 
",Jaringan
PENGUJIAN DAN ANALISIS TRANSMISI DATA DENGAN MODEM JARINGAN GSM DAN CDMA ,Jaringan
"PENGENDALI RUMAH CERDAS SKEMA MULTIPLATFORM
(MULTIPLE PLATFORM SMARTHOME CONTROL) 
",Jaringan
"IMPLEMENTASI DAN OPTIMALISASI SWITCHING DNS
(DOMAIN NAME SYSTEM) UNTUK FILTERING KONTEN
DENGAN MIKROTIK SCHEDULER
",Jaringan
ANALISA PERBANDINGAN METODE LOAD BALANCING PEER CONNECTION CLASSIFIER (PCC) DENGAN NTH PADA ROUTER MIKROTIK,Jaringan
"PROTOTIPE SISTEM SEKURITI RUANGAN BERLAPIS
BERBASIS MIKROKONTROLLER AVR-ATMEGA16
DAN JARINGAN SYARAF TIRUAN",Jaringan
"Implementasi Steganografi dan Algoritma Enkripsi Vigenere
Cipher pada Media Plain Text",Jaringan
"STUDI METODE PHASE ONLY CORRELATION (POC)
SEBAGAI PENDETEKSI PENYUSUP
PADA SISTEM PEMANTAU RUANGAN
",Jaringan
"ANALISIS PENGGUNAAN MEMORI (MEMORY USAGE)
PADA PERANGKAT LUNAK PEMUTAR BERKAS MULTIMEDIA
(MEDIA PLAYER)",Jaringan
"IMPLEMENTASI ALGORITHMA RSA (RIVEST SHAMIR ADLEMAN)
DALAM SISTEM ENKRIPSI FILE DAN PENGAMANAN FOLDER

",Jaringan
"PERANCANGAN PROTOTIPE EMBEDED SYSTEM ROBOT
OTONOM PEMADAM KEBAKARAN BERBASIS
MIKROKONTROLER AVR-Atmega328

",Jaringan
ANALISA PERBANDINGAN METODE LOAD BALANCING PEER CONNECTION CLASSIFIER (PCC) DENGAN NTH PADA ROUTER MIKROTIK,Jaringan
IMPLEMENTASI STEGANOGRAFI BERKAS FILE MP3 MENGGUNAKAN METODE LSB (LEAST SIGNIFICANT BIT) PADA PERANGKAT MOBILE ANDROID,Jaringan
"VERIFIKASI DAN VALIDASI KERANGKA KERJA PENGUJIAN
PERANGKAT LUNAK BERBASIS MC CALL’S SOFTWARE QUALITY
CHECKLIST

",Jaringan
"ANALISIS DAN PENGUJIAN TRANSMISI DATA PROVIDER-PROVIDER
DI INDONESIA MENGGUNAKAN MODEM GSM DAN CDMA

",Jaringan
"ANALISIS PERANGKAT LUNAK OPENGOV PAPERLESS
GOVERNMENT COLLABORATION SUITE PADA PEMERINTAHAN
DAERAH PURBALINGGA
BERDASARKAN TEORI KUALITAS MCCALL’S

",Jaringan
"ANALISIS KOMPARASI ALGORITMA KRIPTOGRAFI ANTARA METODE DES (DATA ENCRYPTION SYSTEM) DAN AES (ADVANCED ENCRYPTION SYSTEM) 
",Jaringan
"ANALISIS PERFORMA MEMORI SERVER MENGGUNAKAN IDS
SURICATA

",Jaringan
"ANALISIS PERBANDINGAN METODE PREWITT DAN SOBEL PADA
PROSES SEGMENTASI CITRA DIGITAL

",Jaringan
"IMPLEMENTASI FIREWALL APLIKASI WEB UNTUK MENCEGAH
SQL INJECTION MENGGUNAKAN NAXSI
",Jaringan
" ANALISIS PERBANDINGAN KINERJA FREENAS 
DAN OPEN MEDIA VAULT (OMV) SEBAGAI SISTEM OPERASI JARINGAN NETWORK ATTACHED STORAGE (NAS) 
",Jaringan
"OPTIMASI KEAMANAN JARINGAN TERHADAP SERANGAN BOTNET 
(STUDI KASUS SERANGAN DNS POISONING PADA DNS SERVER)",Jaringan
"ANALISIS PERBANDINGAN ENKRIPSI
MENGGUNAKAN ALGORITMA RIVEST CODE 4 (RC4) DAN
ALGORITMA CAESAR CIPHER
",Jaringan
"IMPLEMENTASI HONEYPOT SEBAGAI PENDETEKSI MALWARE
PADA LAYANAN CLOUD COMPUTING
",Jaringan
"ANALISIS KINERJA LOAD BALANCING MENGGUNAKAN METODE
PEER CONNECTION CLASSIFIER (PCC) PADA PONDOK PESANTREN
AL-JAILANI YOGYAKARTA
",Jaringan
"PROTOTIPE PENYIRAMAN TANAMAN OTOMATIS TANAMAN CABAI
BERBASIS MIKROKONTROLLER ATMEGA16",Jaringan
VOICE COMMAND PENGENDALI PERANGKAT ELEKTRONIK RUMAH TANGGA MENGGUNAKAN RASPBERRY PI,Jaringan
"INVESTIGASI FORENSIK JARINGAN DARI SERANGAN
DDOS MENGGUNAKAN METODE NAÏVE BAYES",Jaringan
"ANALISIS PERBANDINGAN PERFORMANSI ALGORITMA
Advance Encryption Standard (AES) dan Twofish
PADA BLOK CIPHER",Jaringan
"ANALISIS COMPARISON SNORT DAN SURICATA SEBAGAI
NETWORK INTRUSION DETECTION SYSTEM (NIDS)",Jaringan
"IMPLEMENTASI 
LOCAL AREA NETWORK (LAN) PRINTING 
PADA SMARTPHONE BERBASIS ANDROID",Jaringan
"ANALISIS COMPARISON SNORT DAN SURICATA SEBAGAI
NETWORK INTRUSION DETECTION SYSTEM (NIDS)",Jaringan
"ANALISIS MANAJEMEN BANDWIDTH MENGGUNAKAN
METODE HTB (HIERARCHICAL TOKEN BUCKET)
PADA CYBERKOST INTERNET CAFE",Jaringan
"RANCANG BANGUN SISTEM INFORMASI PEMESANAN OLEH-OLEH
MAKANAN KHAS GUNUNGKIDUL DENGAN MODEL EXTREME
PROGRAMMING",Jaringan
"PERANCANGAN DAN IMPLEMENTASI NETWORK
MONITORING SYSTEM PADA JARINGAN LAN
(LOCAL AREA NETWORK) DENGAN NOTIFIKASI
PADA MEDIA SOSIAL TWITTER",Jaringan
"ANALISIS KEAMANAN DAN PERFORMANISASI VOIP
MENGGUNAKAN VPN BERBASIS GNU LINUX TRIXBOX PADA
JARINGAN WIFI",Jaringan
"ANALISIS KEAMANAN DAN PERFORMANISASI VOIP
MENGGUNAKAN VPN BERBASIS GNU LINUX TRIXBOX PADA
JARINGAN WIFI",Jaringan
"ANALISIS PERBANDINGAN EFEKTIVITAS DAN RESPON
NETWORK INTRUSION DETECTION SYSTEM (NIDS) TERHADAP SERANGAN
DENGAN MENGGUNAKAN METODE SIMULASI",Jaringan
"ANALISIS PERBANDINGAN KINERJA LAYANAN CLOUD COMPUTING PADA
APLIKASI DROPBOX DAN GOOGLE DRIVE",Jaringan
ANALISIS DAN IMPLEMENTASI IEEE 802.1Q UNTUK MENINGKATKAN KEAMANAN JARINGAN KOMPUTER,Jaringan
ANALISIS DAN OPTIMALISASI ACCESS POINT MENGGUNAKAN METODE MANUAL RANDOM SAMPLING DAN COVERAGE VISUALIZATION,Jaringan
"ANALISIS AKSES PENGGUNA INTERNET MENGGUNAKAN
MIKROTIK ROUTER PADA PT. INFORMATION TECHNOLOGY
SERVICE CENTRE YOGYAKARTA",Jaringan
"IMPLEMENTASI ALGORITMA FLOYD WARSHALL PADA
SISTEM E-LEARNING DI SMK MA’ARIF NU 1 KEMBARAN
MENGGUNAKAN SPIRAL METHOD",Jaringan
"ANALISIS DAN IMPLEMENTASI VIRTUAL LOCAL AREA NETWORK (VLAN) UNTUK
OPTIMALISASI KEAMANAN JARINGAN LOCAL AREA NETWORK",Jaringan
"ANALISIS QOS VLAN BERBASIS ALGORITMA DIJKSTRA PADA
ROUTING OPEN SHORTEST PATH FIRST (OSPF)",Jaringan
ANALISIS PENGGUNAAN MEMORY PADA PERANGKAT LUNAK WEB BROWSER MENGGUNAKAN CENTRAL TENDENCY DAN DISPERSION,Jaringan
"ANALISIS PENGGUNAAN MEMORI (MEMORY USAGE) PADA GAME
PRO EVOLUTION SOCCER 2013-2016",Jaringan
"ANALISIS DAN PENGUJIAN DI JARINGAN 3G DAN 4G
DALAM LAYANAN QUALITY OF SERVICES (QOS)",Jaringan
"ANALISIS QUALITY OF SERVICE JARINGAN WIRELESS LAN PADA
UNIVERSITAS PGRI YOGYAKARTA",Jaringan
PENGENDALIAN PRODUKSI COKELAT NDALEM DALAM MEMINIMASI BULLWHIP EFFECT (STUDI KASUS PADA CV. NDALEM MULYA MANDIRI),Jaringan
ANALISIS SISTEM PENERIMAAN MAHASISWA BARU ”COMPUTER BASED TEST” UIN SUNAN KALIJAGA YOGYAKARTA MENGGUNAKAN TEORI KUALITAS MC CALL,RPL
ANALISIS USER EXPERIENCE APLIKASI PRIVYID DENGAN PENDEKATAN ASPEK USABILITY,RPL
"ANALISIS USER EXPERIENCE APLIKASI GOJEK MENGGUNAKAN
TEORI JACOB NIELSEN",RPL
"ANALISIS PENGUJIAN FAKTOR FUNCTIONALITY, USABILITY DAN PORTABILITY SISTEM ASPIRASI UIN SUNAN KALIJAGA YOGYAKARTA BERDASARKAN ISO 9126",RPL
"ANALISIS USABILITY APLIKASI SISTEM PEMBONUSAN AGEN MULTILEVEL
MARKETING PT SURYA PRATAMA ALAM YOGYAKARTA DENGAN METODE
MCCALLS",RPL
"PENGUJIAN USABILITAS DENGAN METODE HEURISTIC
EVALUATION PADA SISTEM EVENT UNIVERSITAS ISLAM NEGERI
SUNAN KALIJAGA YOGYAKARTA",RPL
ANALISIS SISTEM INFORMASI ASET MUHAMMADIYAH BERDASARKAN MCCALL’S QUALITY FACTORS,RPL
"ANALISIS FUNCTIONALITY, EFFICIENCY, USABILITY, DAN PORTABILITY PADA GAME “CUBE 2 SAUERBRATEN” BERDASARKAN ISO 9126",RPL
PENGUJIAN KUALITAS APLIKASI AKUNTANSI BERBASIS WEB SMARTACCOUNTING.ME MENGGUNAKAN METODE MCCALL,RPL
ANALISIS USER EXPERIENCE TERHADAP PENGGUNAAN PENGAMAN DUA FAKTOR PADA PINTU ELEKTRIK,RPL
AUDIT MANAJEMEN JARINGAN WIFI UNIVERSITAS ISLAM NEGERI SUNAN KALIJAGA YOGYAKARTA MENGGUNAKAN STANDAR SNI-ISO 27001,RPL
PENGUKURAN KUALITAS WEBSITE UIN SUNAN KALIJAGA MENGGUNAKAN METODE WEBQUAL 4.0,RPL
PENGUJIAN KEAMANAN SISTEM INFORMASI AKADEMIK UNIVERSITAS ISLAM NEGERI SUNAN KALIJAGA YOGYAKARTA,RPL
PENERAPAN METODE AGILE DALAM PENGEMBANGAN SISTEM INFORMASI PERPUSTAKAAN SMA N 1 TEMON,RPL
ANALISIS AVAILABILITY SISTEM INFORMASI AKADEMIK UNIVERSITAS ISLAM NEGERI SUNAN KALIJAGA YOGYAKARTA MENGGUNAKAN METODE FAILOVER COMPUTER CLUSTER,RPL
ANALISIS QUALITY OF SERVICE JARINGAN WIRELESS SUKANET WIFI DI FAKULTAS SAINS DAN TEKNOLOGI UIN SUNAN KALIJAGA,RPL
"STRESS TEST SISTEM INFORMASI AKADEMIK
UNIVERSITAS ISLAM NEGERI SUNAN KALIJAGA",RPL
"PENGEMBANGAN SISTEM INFORMASI MANAJEMEN PENJUALAN
BUAH DI ANEKA BUAH CEMERLANG MENGGUNAKAN
METODE EXTREME PROGRAMMING",RPL
"IMPLEMENTASI BASIS DATA TERDISTRIBUSI DENGAN METODE
HETEROGENOUS DISTRIBUTED DATABASE SYSTEM
PADA SISTEM INFORMASI BARANG REDSHIT DISTRO",RPL
PENGUJIAN KUALITAS APLIKASI PENCARIAN TEMPAT BERBASIS WEB SEPETAK.COM BERDASARKAN TEORI MCCALL,RPL
"PENERAPAN METODE USER CENTERED DESIGN (UCD) PADA APLIKASI
KATALOG WISATA KULINER BERBASIS WEB
",RPL
PERANGKAT LUNAK PERMAINAN ULAR TANGGA MULTIPLAYER BERBASIS JARINGAN ,RPL
"PENGEMBANGAN APLIKASI E-CATALOG FASILITAS UMUM
DENGAN PENAMBAHAN WEBSITE USABILITY
EVALUATION TOOL
",RPL
"Implementasi Weighted Deviations Model
Untuk Mengembangkan Sistem Ujian Terkomputerisasi Yang Adaptif

(
Computerized Adaptive Testing
)",RPL
"RANCANG BANGUN SISTEM MONITORING AUDIO STREAMING 
PADA JARINGAN MULTI RADIO 
",RPL
"ANALISIS DAN PERANCANGAN SISTEM INFORMASI
REKAM MEDIS DI PUSKESMAS GONDOKUSUMAN I 
YOGYAKARTA
",RPL
"OPTIMASI TEKNIK DAN PERANCANGAN
SOFTWARE ASISTEN FOTOGRAFI
DENGAN METODE EXIF ANALISIS",RPL
"PENERAPAN AUGMENTED REALITY 
UNTUK KATALOG BAJU DISTRO COUPLE COUPLE",RPL
"AUDIT PENGELOLAAN TEKNOLOGI INFORMASI MENGGUNAKAN
FRAMEWORK COBIT PADA DOMAIN ACQUIRE & IMPLEMENT
(STUDI KASUS: PKSI UIN SUNAN KALIJAGA YOGYAKARTA)",RPL
"IMPLEMENTASI HETEROGENOUS DISTRIBUTED DATABASE
SYSTEM UNTUK MENINGKATKAN KAPASITAS
ORACLE XE 10G ( EXPRESS EDITION ) STUDI KASUS
SISTEM INFORMASI AKADEMIK
",RPL
"PERANCANGAN BLUE PRINT PENGEMBANGAN SISTEM INFORMASI
PESANTREN MENGGUNAKAN ZACHMAN FRAMEWORK
(STUDI KASUS PONDOK PESANTREN WAHID HASYIM YOGYAKARTA)
",RPL
PENGEMBANGAN APLIKASI VOIP MENGGUNAKAN REAL-TIME TRANSPORT PROTOCOL,RPL
PERANCANGAN DAN IMPLEMENTASI MONITORING JARINGAN LOKAL MENGGUNAKAN SISTEM KERJA BACKDOOR,RPL
PERANCANGAN DAN IMPLEMENTASI SISTEM INFORMASI ADMINISTRASI KEUANGAN BERBASIS WEB MENGGUNAKAN UML (UNIFIED MODELLING LANGUAGE),RPL
PERANCANGAN E-VOTING BERBASIS WEB (STUDI KASUS PEMILIHAN KEPALA DAERAH SUKOHARJO),RPL
"PERANCANGAN DAN IMPLEMENTASI 
APLIKASI LEND A BOOK MENGGUNAKAN FRAMEWORK CAKEPHP ",RPL
"RANCANG BANGUN SISTEM INFORMASI APOTEK
TERINTEGRASI MENGGUNAKAN 
SERVICE ORIENTED ARCHITECTURE

",RPL
"RANCANG BANGUN SISTEM PENCARIAN HANDPHONE 
MENGGUNAKAN TEKNOLOGI WEB SERVICE 
DENGAN LIBRARY NUSOAP ",RPL
"APLIKASI MULTIMEDIA XML DATABASE 
SEBAGAI MEDIA INFORMASI 
LABORATORIUM KIMIA FST UIN SUNAN KALIJAGA",RPL
"RANCANG BANGUN APLIKASI RESEP MASAKAN BERBASIS MOBILE
WEB DENGAN METODE CASE-BASED REASONING 
",RPL
"PENGEMBANGAN SISTEM INFORMASI KEARSIPAN
TATA USAHAMENGGUNAKAN METODE AGILE
DI MTS ARROSYIDIN SECANG MAGELANG
",RPL
 AUDIT KEAMANAN SISTEM INFORMASI BERDASARKAN STANDAR SNI-ISO 27001 PADA SISTEM INFORMASI AKADEMIK UNIVERSITAS ISLAM NEGERI SUNAN KALIJAGA YOGYAKARTA ,RPL
"ANALISIS RETURN DAN RISIKO SAHAM SYARIAH 
BERBASIS WEB 
",RPL
"RANCANG BANGUN APLIKASI AUTO PAUSE MEDIA PLAYER
BERDASARKAN PANDANGAN MATA USER DI LAPTOP DENGAN
METODE MEANS OF GRADIENT
",RPL
"ANALISIS KINERJA SERVER FARM UNTUK MENYELESAIKAN
PROSES RENDERING VIDEO",RPL
"ANALISIS DAN PERANCANGAN SISTEM PENJUALAN ONLINE
MULTISELLER BAJU BATIK DI KAWASAN MALIOBORO",RPL
"PERANCANGAN DAN IMPLEMENTASI TOKO
ONLINE PERLENGKAPAN BAYI DAN ANAK
BERBASIS WEB DAN MOBILE
(STUDI KASUS : TOKO KIDS CORNER YOGYAKARTA)

",RPL
"RECOMMENDER SYSTEM FOR HOTEL SELECTION AT
YOGYAKARTA USING TOPSIS METHOD FOR
ANDROID SMARTPHONE

",RPL
" MOBILE WEB APPLICATION UNTUK KATALOG BUKU PADA TOKO BUKU 
",RPL
"IMPLEMENTASI SOFTWARE CENTER MENGGUNAKAN METODE
EVOLUTIONARY PROTOTYPING BERBASIS HTML5

",RPL
"ANALISIS PENGUJIAN FAKTOR RELIABILITY SISTEM INFORMASI
AKADEMIK UIN SUNAN KALIJAGA MENGGUNAKAN METODE
MCCALL

",RPL
"ANALISIS KOMPARATIF FAKTOR EFISIENSI
PADA APLIKASI BLACKBERRY MESSENGER BERBASIS ANDROID
DENGAN WHATSAPP MESSENGER BERBASIS ANDROID
BERDASARKAN TEORI MCCALL’S QUALITY FACTORS

",RPL
"ANALISIS PERANGKAT LUNAK OPENGOV PAPERLESS
GOVERNMENT COLLABORATION SUITE PADA PEMERINTAHAN
DAERAH PURBALINGGA
BERDASARKAN TEORI KUALITAS MCCALL’S

",RPL
"AUDIT PENGAWASAN DAN PENGELOLAAN
TEKNOLOGI INFORMASI DENGAN FRAMEWORK COBIT
DI PTIPD UIN SUNAN KALIJAGA YOGYAKARTA
",RPL
IMPLEMENTASI SERVICE ORIENTED ARCHITECTURE MENGGUNAKAN WEB SERVICE PADA APLIKASI E-TOURISM,RPL
SIMULASI GERAK LURUS BERUBAH BERATURAN UNTUK PEMBELAJARAN BERBASIS ANDROID,RPL
"PENYUSUNAN KERANGKA UJI USABILITAS BERBASIS HEURISTIC
METHOD UNTUK PERANGKAT LUNAK JENIS PERMAINAN",RPL
PEMANFAATAN QR CODE SCANNER UNTUK APLIKASI PENAMPIL DATA KOLEKSI PAMER DI MUSEUM NEGERI SONOBUDOYO BERBASIS ANDROID,RPL
RANCANG BANGUN E-MARKETPLACE PEMINJAMAN DAN PENYEWAAN BARANG MENGGUNAKAN MODEL PENGEMBANGAN EXTREME PROGRAMMING,RPL
"PENGEMBANGAN SISTEM MENGGUNAKAN METODE PROTOTYPE PADA SISTEM KEUANGAN 
AZZAHRA SALON DAN SPA MUSLIMAH",RPL
"AUDIT SISTEM INFORMASI RUMAH SAKIT
MENGGUNAKAN STANDAR ISO 27001
(STUDI KASUS DI RSU PKU MUHAMMADIYAH BANTUL)",RPL
"ANALISIS PENGUJIAN FAKTOR RELIABILITY
SISTEM INFORMASI AKADEMIK
STMIK EL RAHMA YOGYAKARTA MENGGUNAKAN
METODE MCCALL",RPL
"PENGUJIAN FAKTOR CORRECTNESS DAN USABILITY SISTEM INFORMASI
ALUMNI UIN SUNAN KALIJAGA YOGYAKARTA MENGGUNAKAN
METODE MCCALL",RPL
"PENGUJIAN FAKTOR CORRECTNESS DAN USABILITY
SISTEM E-LEARNING UIN SUNAN KALIJAGA
YOGYAKARTA BERDASARKAN METODE MCCALL",RPL
"ANALISIS USABLITY SISTEM PERPUSTAKAAN KOTA YOGYAKARTA
MENGGUNAKAN METODE MCCALL",RPL
ANALISIS FAKTOR USABILITAS PADA SISTEM INFORMASI PORTAL WEB PONDOK PESANTREN IBNUL QOYYIM YOGYAKARTABERDASARKAN MC CALL’S QUALITY FACTORS,RPL
ANALISIS FAKTOR EFISIENSI DAN USABILITAS PADA SISTEM ADMISI UIN SUNAN KALIJAGA YOGYAKARTA BERDASARKAN TEORI KUALITAS MCCALL,RPL
"PENGUJIAN FAKTOR CORRECTNESS DAN USABILITY 
SISTEM INFORMASI KEPEGAWAIAN UIN SUNAN KALIJAGA YOGYAKARTA MENGGUNAKAN METODE MCCALL",RPL
"AUDIT SISTEM MANAJEMEN KEAMANAN INFORMASI
MENGGUNAKAN ISO/SNI 27001 PADA SISTEM INFORMASI
APOTEK SANATA DHARMA",RPL
"PENGEMBANGAN SISTEM THEME PROVIDER UNTUK
E-COMMERCE BERBASIS WORDPRESS MENGGUNAKAN
METODE AGILE",RPL
"KOMPARASI METODE PENJADWALAN LEAST CONNECTIONS
DAN ROUND ROBIN DALAM WEB SERVER CLUSTERING DENGAN
SKEMA LOAD BALANCING",RPL
"PENGUJIAN FAKTOR RELIABILITY SISTEM INFORMASI SURAT UIN
SUNAN KALIJAGA DENGAN MENGGUNAKAN TEORI MCCALL",RPL
"PENGEMBANGAN SISTEM INFORMASI MANAJEMEN ORDER
SATOEDJARI MERCH MENGGUNAKAN MODEL
EXTREME PROGRAMMING",RPL
"RANCANG BANGUN DAN IMPLEMENTASI APLIKASI
BUILD WEB ONLINE DENGAN PENDEKATAN
METODE EXTREME PROGRAMMING",RPL
PENGEMBANGAN SISTEM MENGGUNAKAN MODEL PROTOTYPE PADA SISTEM INFORMASI PEMETAAN POTENSI PERTANIAN BERBASIS WEB,RPL
"AUDIT SISTEM E-LEARNING FAKULTAS SAINS DAN TEKNOLOGI
UIN SUNAN KALIJAGA YOGYAKARTA
MENGGUNAKAN FRAMEWORK COBIT 4.1",RPL
"ANALISIS FAKTOR - FAKTOR NON TEKNIS INTERNAL YANG
MEMPENGARUHI KINERJA PROGRAMMER DALAM PROSES
PENGEMBANGAN PERANGKAT LUNAK DI
PUSAT TEKNOLOGI INFORMASI DAN PANGKALAN DATA (PTIPD)
UIN SUNAN KALIJAGA",RPL
"PERANCANGAN SISTEM ANTRIAN
PELANGGAN PERBANKAN BERBASIS MOBILE",RPL
"ANALISIS FAKTOR USABILITAS PADA SISTEM INFORMASI KONSULTASI BELAJAR SISWA PEMERINTAHAN
KOTA YOGYAKARTA
BERDASARKAN MCCALL'S QUALITY FACTOR",RPL
"ANALISIS USABILITAS PADA GAME FIFA 15 DAN PRO EVOLUTION
SOCCER 15 BERDASARKAN MC CALL’S QUALITY FACTOR",RPL
PENGUJIAN PERANGKAT LUNAK SENAYAN LIBRARY MANAGEMENT SYSTEM MENGGUNAKAN METODE MCCALL,RPL
"PENGUJIAN PERANGKAT LUNAK MENGGUNAKAN METODE MCCALL
PADA SISTEM PENERIMAAN MAHASISWA BARU (AGEN PMB)
INSTITUT PERTANIAN STIPER YOGYAKARTA",RPL
"PENGUJIAN PERANGKAT LUNAK MENGGUNAKAN METODE
MCCALL PADA SISTEM INFORMASI AKADEMIK
SEKOLAH TINGGI TEKNOLOGI ADISUTJIPTO YOGYAKARTA",RPL
PENGUJIAN KUALITAS SISTEM INFORMASI MANAJEMEN ORDER SATOEDJARI MERCH BERDASARKAN TEORI MCCALL’S QUALITY FACTORS,RPL
"PENGUJIAN PERANGKAT LUNAK SISTEM INFORMASI AKADEMIK
INSTITUT PERTANIAN STIPER YOGYAKARTA BERDASARKAN
TEORI KUALITAS MCCALL",RPL
ANALISIS SISTEM RESERVATION UIN SUNAN KALIJAGA YOGYAKARTA BERDASARKAN TEORI KUALITAS MC CALL,RPL
"AUDIT SISTEM INFORMASI PADA
SISTEM ADMISI UIN SUNAN KALIJAGA YOGYAKARTA
MENGGUNAKAN FRAMEWORK COBIT 4.1",RPL
"AUDIT KEAMANAN SISTEM INFORMASI DIGITAL LIBRARY
UNIVERSITAS ISLAM NEGERI SUNAN KALIJAGA MENGGUNAKAN
STANDAR SNI-ISO 27001",RPL
PENGEMBANGAN SISTEM EVALUASI PELAKSANAAN TUGAS WALI KELAS ONLINE DENGAN METODE EXTREME PROGRAMMING PADA KONSORSIUM YAYASAN MULIA,RPL
"PENGUJIAN SISTEM PUSTAKA UIN SUNAN KALIJAGA
BERDASARKAN ATRIBUT KUALITAS MCCALL",RPL
"AUDIT DIGITAL LIBRARY UIN SUNAN KALIJAGA YOGYAKARTA
MENGGUNAKAN FRAMEWORK COBIT 5",RPL
ANALISIS RELIABILITAS KINERJA JARINGAN WIRELESS LAN MENGGUNAKAN QOS PADA PERPUSTAKAAN GRHATAMA PUSTAKA YOGYAKARTA,RPL
AUDIT KEAMANAN INFORMASI BERDASARKAN STANDAR SNI-ISO 27001 PADA SISTEM ADMISI UNIVERSITAS ISLAM NEGERI SUNAN KALIJAGA YOGYAKARTA,RPL
"AUDIT SISTEM INFORMASI BARANG SITAAN DI RUMAH
PENYIMPANAN BENDA SITAAN MILIK NEGARA (RUPBASAN) BANTUL
MENGGUNAKAN STANDAR SNI-ISO 27001",RPL
"ANALISIS PERBANDINGAN PERFORMA PERANGKAT LUNAK
ANTIVIRUS FREEWARE",RPL
"PENGUJIAN PERANGKAT LUNAK CONTENT MANAGEMENT SYSTEM
SEKOLAH FORMULASI SMK NEGERI 1 PANDAK
BERDASARKAN METODE MCCALL",RPL
ANALISIS PENGUKURAN KUALITAS SISTEM E-KINERJA DI KANTOR REGIONAL I BADAN KEPEGAWAIAN NEGARA YOGYAKARTA BERDASARKAN ISO 9126,RPL
"AUDIT KEAMANAN SISTEM INFORMASI
PERPUSTAKAAN KOTA YOGYAKARTA BERDASARKAN
STANDAR ISO 27001",RPL
"PERANCANGAN SIMULASI GAME BISNIS BERBASIS 
REAL TIME STRATEGY DENGAN MENGGUNAKAN 
SPRINGRTS ENGINE 
",SI
RANCANG BANGUN APLIKASI PERSEWAAN BUKU BERBASIS WEB MENGGUNAKAN METODE EXTREME PROGRAMMING,SI
IMPLEMENTASI METODE TOPSIS (TECHNIQUE FOR ORDER PREFERENCE BY SIMILARITY TO IDEAL SOLUTION) BERBASIS WEB PADA SISTEM PENCARIAN DAN REKOMENDASI PEMILIHAN HOTEL DI YOGYAKARTA,SI
PENGEMBANGAN APLIKASI KARTU MENUJU SEHAT BERBASIS ANDROID MENGGUNAKAN METODE EXTREME PROGRAMMING,SI
RANCANG BANGUN APLIKASI KALKULATOR IP SUBNET UNTUK PEMBAGIAN HOST PADA JARINGAN MENGGUNAKAN METODE PENGEMBANGAN WATERFALL,SI
RANCANG BANGUN GAME VISUAL NOVEL INFORMASI PENERIMAAN MAHASISWA BARU UIN SUNAN KALIJAGA YOGYAKARTA DENGAN METODE FINITE STATE MACHINE,SI
PENGEMBANGAN SISTEM INFORMASI GEOGRAFIS SEKOLAH INKLUSI DI KOTA YOGYAKARTA DENGAN METODE PROTOTYPING,SI
SISTEM PENDUKUNG KEPUTUSAN PEMILIHAN USTAZ DENGAN MENGGUNAKAN METODE SIMPLE ADDITIVE WEIGHTING (SAW),SI
"IMPLEMENTASI WEB SERVICE
PADA RANCANG BANGUN SISTEM INFORMASI CALENDAR DENGAN
PENDEKATN RAPID APPLICTION DEVELOPMENT (RAD) DI UNIVERSITAS
ISLAM NEGERI SUNAN KALIJAGA YOGYAKARTA",SI
"Sistem Pendukung Keputusan
Pemilihan Lokasi Wisata Daerah Istimewa Yogyakarta dengan
Metode Analytical Hierarchy Proccess (AHP) dan Weighted Product (WP)",SI
RANCANG BANGUN SISTEM PENDUKUNG KEPUTUSAN PEMILIHAN KAMERA DIGITAL DENGAN MENGGUNAKAN FUZZY AHP,SI
RANCANG BANGUN SISTEM INFORMASI MANAJEMEN KEDAI DIGITAL 3 BACIRO MENGGUNAKAN METODE EXTREME PROGRAMMING,SI
RANCANG BANGUN SISTEM INFORMASI MANAJEMEN KEDAI DIGITAL 3 BACIRO MENGGUNAKAN METODE EXTREME PROGRAMMING,SI
ANALISIS PENGGUNAAN TEKNOLOGI INFORMASI DAN PENGARUHNYA TERHADAP SEMANGAT KERJA PEGAWAI KANTOR DINAS PENDIDIKAN DI WILAYAH YOGYAKARTA,SI
RANCANG BANGUN SISTEM INFORMASI ASET MUHAMMADIYAH DAERAH ISTIMEWA YOGYAKARTA MENGGUNAKAN METODE SCRUM,SI
PENERAPAN SISTEM PENDUKUNG KEPUTUSAN MENGGUNAKAN SIMPLE MULTY ATTRIBUTE RATING TECHNIQUE METHOD (SMART METHOD) UNTUK PENGADAAN BUKU BARU DI SD N 1 CEPOKOJAJAR BERBASIS WEB,SI
RANCANG BANGUN APLIKASI ANTREAN LAYANAN ADMINISTRASI MENGGUNAKAN METODE EXTREME PROGRAMMING,SI
SISTEM PENDUKUNG KEPUTUSAN PEMILIHAN KARYAWAN TERBAIK CV. ADIPURA DISTRIBUTOR BUKU DENGAN METODE SIMPLE ADDITIVE WEIGHTING (SAW),SI
SISTEM EVALUASI KESESUAIAN LAHAN TANAMAN KAKAO BERDASARKAN PERSYARATAN TUMBUH TANAMAN MENGGUNAKAN FUZZY INFERENCE SYSTEM METODE TSUKAMOTO,SI
RANCANG BANGUN SISTEM ASPIRASI DENGAN MODEL EXTREME PROGRAMMING,SI
RANCANG BANGUN SISTEM PENYIRAMAN OTOMATIS BERBASIS BASH SHELL DENGAN PLATFORM OPENWRT PADA TANAMAN CABAI,SI
RANCANG BANGUN APLIKASI LOCATION BASED SERVICE WISATA POPULER DI JAWA TIMUR BERBASIS ANDROID DENGAN METODE EXTREME PROGRAMMING,SI
RANCANG BANGUN SISTEM INFORMASI MANAJEMEN TURNAMEN FUTSAL MENGGUNAKAN METODE PROTOTYPING,SI
RANCANG BANGUN SISTEM INFORMASI PENGGAJIAN KARYAWAN DI CV. SOGAN JAYA ABADI DENGAN METODE PROTOTYPING,SI
RANCANG BANGUN APLIKASI PENGUKURAN KINERJA PEGAWAI BERBASIS WEB MENGGUNAKAN METODE EXTREME PROGRAMMING,SI
ANALISIS USER EXPERIENCE SISTEM E-LEARNING UIN SUNAN KALIJAGA YOGYAKARTA,SI
PENGEMBANGAN APLIKASI NAVIGASI BUKU MENGGUNAKAN INDOOR POSITIONING SYSTEM DENGAN IBEACON DI PERPUSTAKAAN TERPADU UIN SUNAN KALIJAGA YOGYAKARTA,SI
SISTEM PENGELOLAAN KEUANGAN DESA DI PEMERINTAHAN DAERAH KLATEN DENGAN SCRUM METHODOLOGY,SI
RANCANG BANGUN SISTEM INFORMASI MANAJEMEN KEARSIPAN PEMERINTAH DAERAH ISTIMEWA YOGYAKARTA BERBASIS WEB DENGAN METODE SCRUM,SI
SISTEM INFORMASI MANAJEMEN SURAT MENGGUNAKAN METODE EXTREME PROGRAMMING DI SEKRETARIAT PMII CABANG DAERAH ISTIMEWA YOGYAKARTA,SI
"PENGEMBANGAN SISTEM INFORMASI PERPUSTAKAAN
SMP N 4 PATUK DENGAN METODE EXTREME PROGRAMMING",SI
"RANCANG BANGUN SISTEM INFORMASI AKADEMIK
SD NEGERI II MANANGGA TASIKMALAYA MENGGUNAKAN
METODE RAPID APPLICATION DEVELOPMENT",SI
SARANA INFORMASI BERBASIS ONLINE MENGGUNAKAN PHP DAN MYSQL (PERANCANGAN WEBSITE MAPALASKA UIN SUNAN KALIJAGA),SI
APLIKASI WIRELESS APPLICATION PROTOCOL UNTUK PORTAL MOBILE DAKWAH,SI
APLIKASI SISTEM INFORMASI GEOGRAFIS UNTUK PENANGANAN PENYEBARAN PENYAKIT DEMAM BERDARAH (STUDI KASUS DI PUSKESMAS TEGALREJO YOGYAKARTA),SI
"SISTEM PENGARSIPAN BERKAS SUMBER DAYA MANUSIA UNTUK
KEPENTINGAN KENAIKAN GOLONGAN DI PT. X
",SI
"PERANCANGAN MODEL RUJUKAN PENJAMINAN MUTU PADA
ORGANISASI PENGEMBANGAN PERANGKAT LUNAK SKALA KECIL
",SI
"SISTEM INFORMASI PENGGAJIAN DAN PENGUPAHAN KARYAWAN
MENGGUNAKAN ARSITEKTUR HIERARCHICAL- MODEL-VIEW-CONTROL
FRAMEWORK PHP CODEIGNITER
( STUDI KASUS DI P.T. KRAKATAU WAJATAMA CILEGON, BANTEN )
",SI
"SISTEM PENDUKUNG KEPUTUSAN
PENILAIAN KINERJA STAF PENGAJAR PELATIHAN ICT
DENGAN METODE ANALYTIC HIERARCHY PROCESS
STUDI KASUS : PUSAT KOMPUTER DAN SISTEM INFORMASI
UIN SUNAN KALIJAGA YOGYAKARTA
",SI
"RANCANG BANGUN SISTEM MONITORING RUANGAN
MENGGUNAKAN WEBCAM BERBASIS OPENWRT
",SI
"SISTEM INFORMASI MANAJEMEN KLINIK GIGI
(Studi Kasus : Klinik Gigi White Dental Madiun)
",SI
"PERANCANGAN DAN IMPLEMENTASI
SISTEM INFORMASI KOPERASI MULTIGUNA
BERBASIS WEB
(STUDI KASUS KOPERASI MULTIGUNA KECAMATAN PANEKAN)
",SI
"SISTEM INFORMASI REKAM MEDIS
DI PUSKESMAS NANGGULAN
KABUPATEN KULON PROGO
",SI
"APLIKASI TASBIH DIGITAL PADA TELEPON GENGGAM
BERBASIS ANDROID
",SI
"PENGEMBANGAN 
SISTEM PENDUKUNG KEPUTUSAN 
PEMILIHAN GURU BERPRESTASI 
",SI
"SISTEM PENDUKUNG KEPUTUSAN
PEMBELIAN MOBIL UNTUK PERSEWAAN MOBIL
DENGAN METODE AHP (Analytic Hierarchy Process)",SI
"SISTEM REKOMENDASI PEKERJAAN 
BERDASARKAN TEORI BIG FIVE PERSONALITY 
",SI
"SISTEM INFORMASI GEOGRAFIS
LOKASI KORBAN BENCANA BERBASIS WEB
DAN APLIKASI MOBILE
",SI
"Sistem Rekomendasi Pencarian Buku
dengan Metode User-Based Collaborative Filtering
Berbasis Web dan J2ME
",SI
"SISTEM PENDUKUNG KEPUTUSAN
MENGGUNAKAN METODE AHP DAN TOPSIS
(Studi kasus : Pemilihan Handphone)
",SI
"APLIKASI MONITORING KAMERA (WEBCAM)
UNTUK MOBILE DEVICE BERBASIS ANDROID
",SI
"SISTEM PENDUKUNG KEPUTUSAN 
UNTUK PENILAIAN KINERJA DOSEN MENGGUNAKAN 
METODE ANALYTICAL HIERARCHY PROCESS (AHP) BERBASIS WEB 
(STUDI KASUS DI PUSAT PENJAMINAN MUTU SEKOLAH TINGGI TEKNOLOGI ADISUTJIPTO YOGYAKARTA) 
",SI
RANCANG BANGUN EMERGENCY SECURITY CALLER BERBASIS ANDROID UNTUK SITUASI PERAMPOKAN Skripsi,SI
"PERAMALAN (FORECASTING) POTENSI PENDAPATAN ASLI DAERAH SEBAGAI SUMBER PENDAPATAN DAERAH KOTA YOGYAKARTA BERBASIS ANDROID 
(Studi kasus di Dinas Pajak Daerah dan Pengelolaan Keuangan Kota Yogyakarta) 
",SI
"SISTEM PENGATUR KEAMANAN MIKROTIK DENGAN SSH 
BERBASIS WEBSITE 
",SI
"SISTEM PENDUKUNG KEPUTUSAN PEMILIHAN KARYAWAN TERBAIK DENGAN METODE SAW (SIMPLE ADDITIVE WEIGHTING) 
(Studi Kasus di Pamella Swalayan) 
",SI
"RANCANG BANGUN SISTEM INFORMASI
KONSINYASI BARANG
(Studi Kasus di UD. BTECH Indonesia)",SI
"SISTEM INFORMASI AKADEMIK UNIVERSITAS ISLAM NEGERI
(UIN) SUNAN KALIJAGA YOGYAKARTA BERBASIS ANDROID",SI
IMPLEMENTASI ARSITEKTUR REPRESENTATIONAL STATE TRANSFER (REST) PADA SISTEM INFORMASI AKADEMIK TERINTEGRASI DI MADRASAH ALIYAH SUNAN PANDANARAN,SI
"PENGEMBANGAN PERANGKAT LUNAK UNTUK SIMULASI SCHNORR 
AUTHENTICATION DAN DIGITAL SIGNATURE SCHEME",SI
"SISTEM PENDUKUNG KEPUTUSAN 
UNTUK MENENTUKAN MENU MAKANAN SEHAT 
DENGAN METODE ELIMINATION ET CHOIX TRADUISANT LA
REALITÉ (ELECTRE) 
",SI
"SISTEM PEMANDU PENCARIAN MASJID TERDEKAT 
BERBASIS LOKASI DI ATAS PLATFORM ANDROID 
",SI
"SISTEM PENDUKUNG KEPUTUSAN PENCAIRAN KREDIT 
MENGGUNAKAN METODE SCORING SYSTEM 
(STUDI KASUS : BMT BANGUN RAKYAT SEJAHTERA
YOGYAKARTA) 
",SI
"PENGEMBANGAN SISTEM INFORMASI ALUMNI 
DENGAN PENDEKATAN METODE AGILE DI UIN SUNAN KALIJAGA",SI
"
SISTEM REKOMENDASI SWAMEDIKASI 
PENYAKIT RINGAN SISTEM PENCERNAAN 
DENGAN METODE DEMPSTER SHAFER 
",SI
"SISTEM REKOMENDASI PEMILIHAN JURUSAN
 DI MADRASAH ALIYAH NEGERI 1 YOGYAKARTA 
 MENGGUNAKAN CASE BASED REASONING",SI
"SISTEM INFORMASI GEOGRAFI PARIWISATA 
KABUPATEN KLATEN BERBASIS ANDROID 2.3.3 
",SI
"SISTEM INFORMASI GEOGRAFIS PESANTREN WILAYAH DAERAH
ISTIMEWA YOGYAKARTA PADA SMARTPHONE BERBASIS MOBILE
ANDROID
",SI
"SISTEM INFORMASI MANAJEMEN KOPERASI PEGAWAI
REPUBLIK INDONESIA 
(
STUDI KASUS : KPRI GARUDA
)",SI
"ANALISIS IMPLEMENTASI SISTEM INFORMASI PENJUALAN
DI PERUSAHAAN SKALA KECIL

(
Studi Kasus: CV. Metrolab Kudus)",SI
"PERANCANGAN APLIKASI SISTEM PENDUKUNG KEPUTUSAN 
PEMILIHAN PRODUK LAPTOP 
DENGAN METODE PREFERENCE RANKING ORGANIZATION METHOD FOR 
ENRICHMENT EVALUATION (PROMETHEE)",SI
"PERANCANGAN DAN IMPLEMENTASI 
SISTEM INFORMASI ASPIRASI MASYARAKAT (SIAP) 
DI D PC PPP KOTA YOGYAKARTA",SI
"RANCANG BANGUN SISTEM OTOMASI ADMINISTRASI 
SKRIPSI DAN MUNAQOSYAH DENGAN PENDEKATAN 
PAIR PROGRAMMING DI UIN SUNAN KALIJAGA 
",SI
"PROTOTYPE SISTEM INFORMASI SIMPAN PINJAM DENGAN KONSEP HOMOGENOUS
DISTRIBUTED DATABASE SYSTEM UNTUK MENGOPTIMALKAN KAPASITAS PADA 
DATABASE SERVER MENGGUNAKAN ORACLE XE 10G ( EXPRESS EDITION) 
",SI
"RANCANG BANGUN APLIKASI PERPUSTAKAAN DAN PENGINGAT JADWAL
PENGEMBALIAN BUKU VIA SHORT MESSAGE SERVICE (
SMS
)
STUDI KASUS SMK N JENAWI
",SI
"SISTEM PEMESANAN DEREK MOBIL
BERBASIS APLIKASI ANDROID DAN APLIKASI WEB 
",SI
"SISTEM INFORMASI MANAJEMEN SUMBER DAYA MANUSIA
Di PT. SWAKARYA INSAN MANDIRI YOGYAKARTA",SI
"RANCANG BANGUN APLIKASI KINDERGARTENFINDER DAN CALL DIALER
MENGGUNAKAN GOOGLE MAPS BERBASIS ANDROID
(STUDI KASUS : KINDERGARTEN KOTA YOGYAKARTA) 
",SI
"PROTOTIPE SISTEM PERINGATAN DAN PEMADAM KEBAKARAN RUANGAN
BERBASIS MIKROKONTROLLER ATMEGA16
",SI
PENGEMBANGAN SISTEM INFORMASI EKSEKUTIF MENGGUNAKAN TEKNOLOGI WEB SERVICE (STUDI KASUS DI FAKULTAS SAINTEK UIN SUNAN KALIJAGA),SI
SISTEM INFORMASI GEOGRAFIS BERBASIS WEB UNTUK PEMETAAN INDUSTRI KECIL DI KAB. BANTUL,SI
SISTEM INFORMASI REKAM MEDIS RUMAH SAKIT KIA PKU MUHAMMADIYAH KOTAGEDE,SI
"SISTEM PENDETEKSI SERANGAN
PADA JARINGAN KOMPUTER MENGGUNAKAN SNOR
BERBASIS SMS GATEWAY 
(STUDI KASUS di TAMAN PINTAR YOGYAKARTA) ",SI
"SISTEM INFORMASI PENGONTROLAN KEPANITIAAN

(STUDI KASUS DI LEMBAGA XYZ
)",SI
"SISTEM TERINTEGRASI PORTAL WEB PERGURUAN TINGGI
AGAMA ISLAM NEGERI MENGGUNAKAN METODE GRABBING
",SI
"RANCANG BANGUN SISTEM INFORMASI MANAJEMEN (SIM) HAJI
DAN UMROH 
(STUDI KASUS PT. TAQWA MULIA INSANI)
",SI
"SISTEM INFORMASI CUSTOMER RELATIONSHIP MANAGEMENT
CV BUDI UTAMA (PENERBIT DEEPUBLISH)",SI
"SISTEM INFORMASI GEOGRAFIS LAYANAN PESAN 
ANTAR MAKANAN BERBASIS MOBILE WEB 
",SI
"SISTEM INFORMASI GEOGRAFIS LAYANAN PESAN
ANTAR MAKANAN BERBASIS MOBILE WEB",SI
"SISTEM PENDUKUNG KEPUTUSAN PEMILIHAN PROGRAM STUDI
DI UIN SUNAN KALIJAGA
MENGGUNAKAN METODE ANALYTICAL HIERARCHY PROCESS (AHP)
",SI
"RANCANG BANGUN SISTEM INFORMASI ADMINISTRASI 
BEASISWA UIN SUNAN KALIJAGA MENGGUNAKAN PENDEKATAN 
AGILE PROCESS DENGAN MODEL EXTREME PROGRAMMING 
",SI
"PERANCANGAN DAN IMPLEMENTASI SISTEM INFORMASI COST OF
PRODUCTION (COP) DAN PENGGAJIAN KARYAWAN PENERBIT BUKU 
PENDIDIKAN DEEPUBLISH (CV BUDI UTAMA) YOGYAKARTA.
",SI
"ANALISIS, PERANCANGAN DAN IMPLEMENTASI APLIKASI CHATTING BERBASIS OBJEK",SI
SISTEM PENDUKUNG KEPUTUSAN UNTUK RESEP ELEKTRONIK MENGGUNAKAN ANALISIS ASOSIASI,SI
"PERANCANGAN DAN IMPLEMENTASI E-LEARNING BERBASIS WEB
DENGAN STANDARISASI WORLD WIDE WEB CONSORTIUM
",SI
"PERANCANGAN DAN IMPLEMENTASI PEMBELAJARAN 
INTERAKTIF BAHASA INGGRIS UNTUK ANAK-ANAK DENGAN 
MENGGUNAKAN HIERARCHY PLUS INPUT PROCESS OUTPUT (HIPO) ",SI
"INTEGRASI SISTEM E-LEARNING DAN SOCIAL NETWORK
",SI
"SISTEM PENDUKUNG KEPUTUSAN BERBASIS
OBJEK DENGAN METODE MAMDANI UNTUK
PENENTUAN JURUSAN MADRASAH ALIYAH ",SI
"SISTEM PENDUKUNG KEPUTUSAN
PENYETUJUAN PENERBITAN BUKU DENGAN
METODE ANALYTICAL HIERARCHY PROCESS 
(STUDI KASUS : PT. GALANGPRESS MEDIA UTAMA 
BACIRO YOGYAKARTA) 
",SI
"SISTEM INFORMASI MANAJEMEN
RENTAL MOBIL BERBASIS WEB 
(Studi Kasus Rental Mobil Naviri)
",SI
"APLIKASI PEMESANAN
MAKANAN DAN MINUMAN BERBASIS ANDROID PADA RESTORAN
(STUDI KASUS : LESEHAN MAHARANI YOGYAKARTA)
",SI
RANCANG BANGUN SISTEM INFORMASI MANAJEMEN PENCATATAN REGISTRASI KEPENDUDUKAN DAN PENCATATAN SIPIL MENGGUNAKAN METODE UNIFIED SOFTWARE DEVELOPMENT PROCESS DI DINAS KEPENDUDUKAN DAN PENCATATAN SIPIL KOTA YOGYAKARTA ,SI
"PENERAPAN ALGORITMA GENETIKA PADA SISTEM DISTRIBUSI PENGAWAS TINGKAT SATUAN PENDIDIKAN 
UJIAN NASIONAL SMA DAN SEDERAJAT 
DI DAERAH ISTIMEWA YOGYAKARTA",SI
"SISTEM INFORMASI MANAJEMEN PENYEWAAN MOBIL 
PADA KIKI RENTAL CAR GROUP YOGYAKARTA 
",SI
"SISTEM LAYANAN MASYARAKAT BERBASIS PETA
DI KABUPATEN WONOGIRI
",SI
"IMPLEMENTASI DAN ANALISIS KINERJA
VOIP SERVER MENGGUNAKAN TRIXBOX CE
DENGAN KEAMANAN JARINGAN VPN
",SI
 RANCANG BANGUN VIRTUAL LEARNING CONTENT MENGGUNAKAN METODE AGILE ,SI
"RANCANG BANGUN APLIKASI PENDATAAN PASIEN
OLEH PERAWAT KOMUNITAS MENGGUNAKAN
METODE EXTREME PROGRAMMING BERBASIS ANDROID",SI
"AUDIT SISTEM INFORMASI AKADEMIK UIN SUNAN KALIJAGA
YOGYAKARTA MENGGUNAKAN COBIT FRAMEWORK
PADA DOMAIN DELIVER AND SUPPORT
",SI
"SISTEM PENDUKUNG KEPUTUSAN UNTUK PENENTUAN PENERIMA
BANTUAN KEUANGAN BENCANA ALAM DENGAN MENGGUNAKAN
METODE ANALYTICAL HIERARCHY PROCESS BERBASIS WEB",SI
"ANALISIS DAN PERANCANGAN SISTEM INDEKOS 
MENGGUNAKAN METODE UNIFIED MODELING LANGUAGE (UML) 
",SI
 PENGEMBANGAN SISTEM INFORMASI MANAJEMEN LKP EFFECTIEF KOMPUTER ,SI
"SISTEM RESERVASI LAPANGAN FUTSAL
MENGGUNAKAN ALGORITMA
FIRST COME FIRST SERVED BERBASIS ANDROID
(STUDI KASUS PERKASA FUTSAL PACITAN)
",SI
"SISTEM INFORMASI RUMAH KOST
BERBASIS WEB DI YOGYAKARTA
",SI
"COLLABORATIVE FILTERING
SMS SPAM BERBAHASA INDONESIA
MENGGUNAKAN ALGORITMA NAIVE BAYES",SI
IMPLEMENTASIALGORITMA A* DALAM PENENTUAN RUTE TERPENDEK DESTINASI PARIWISATA BERBASIS WEB,SI
" RANCANG BANGUN SISTEM INFORMASI 
BIMBINGAN DAN KONSELING 
(STUDI KASUS : SMP NEGERI 4 DEMAK) 
",SI
"RANCANG BANGUN SISTEM INFORMASI KARBOL

(STUDI KASUS AKADEMI ANGKATAN UDARA)
",SI
SISTEM INFORMASI GEOGRAFIS BERBASIS ANDROID UNTUK PEMETAAN INDUSTRI KECIL DI KABUPATEN BANTUL,SI
"
SISTEM INFORMASI PASAR BERBASIS WEB

(STUDI KASUS UPTD PASAR WILAYAH 1 BANJARNEGARA)

",SI
"RANCANG BANGUN SISTEM KURSUS BAHASA INGGRIS ONLINE
DENGAN MENGUNAKAN FRAMEWORK CODEIGNITER
(STUDI KASUS : LEMBAGA KURSUS ENTER YOGYAKARTA)
",SI
"SISTEM INFORMASI MANAJEMEN PENJUALAN DAN PERAMALAN
MENGGUNAKAN METODE SINGLE MOVING AVERAGE
",SI
"RANCANG BANGUN SISTEM PENDUKUNG KEPUTUSAN SELEKSI
PENERIMA BEASISWA MENGGUNAKAN METODE ELECTRE (STUDI
KASUS SMK MA'ARIF AL-MUNAWWIR, YOGYAKARTA)
",SI
"SISTEM INFORMASI GEOGRAFIS PARWISATA PULAU LOMBOK
BERBASIS ANDROID

",SI
" RANCANG BANGUN SISTEM INFORMASI REKAM MEDIS 
(STUDI KASUS : POLIKLINIK UIN SUNAN KALIJAGA YOGYAKARTA) 

",SI
RANCANG BANGUN GAME HIJAIYAH MATCH DENGAN HTML5,SI
"APLIKASI SISTEM INFORMASI AKADEMIK BERBASIS MOBILE
STUDI KASUS UIN SUNAN KALIJAGA YOGYAKARTA

",SI
"PROTOTIPE SISTEM PERINGATAN DAN PEMADAM KEBAKARAN RUANGAN
BERBASIS MIKROKONTROLLER ATMEGA16

",SI
PENGEMBANGAN APLIKASI DOA HARIAN MENGGUNAKAN PONSEL BERBASIS J2ME,SI
"SISTEM INFORMASI GEOGRAFIS UNTUK PEMETAAN
LOKASI LATIHAN TAEKWONDO DI KABUPATEN SLEMAN

",SI
" RANCANG BANGUN SISTEM INFORMASI PUSAT BAHASA, BUDAYA, DAN AGAMA DI UIN SUNAN KALIJAGA 
MENGGUNAKAN METODE SCRUM 

",SI
"SISTEM REKOMENDASI
PEMBERIAN BEASISWA KEPADA PESERTA DIDIK BARU
MENGGUNAKAN METODE TOPSIS

",SI
"SISTEM DETEKSI LOKASI
MENGGUNAKAN HTML5 DAN GOOGLE MAPS VERSI 3
UNTUK MENENTUKAN AWAL WAKTU SHOLAT

",SI
" RANCANG BANGUN PROTOTYPE SISTEM INTEGRASI DATA BUKU MENGGUNAKAN TEKNOLOGI 
WEB SERVICE DAN LIBRARY NUSOAP 

",SI
"RANCANG BANGUN SISTEM INFORMASI MANAJEMEN SEKOLAH
(STUDI KASUS MA DARUSSALAM YOGYAKARTA)

",SI
"SISTEM INFORMASI PENJUALAN DAN PENGENDALIAN PERSEDIAAN BARANG MENGGUNAKAN
METODE ECONOMIC ORDER QUANTITY ( EOQ )
(STUDI KASUS UD.WARNO)

",SI
"RANCANG BANGUN SISTEM INFORMASI MANAJEMEN
(STUDI KASUS PONDOK PESANTREN SUNNI DARUSSALAM
MAGUWOHARJO DEPOK SLEMAN)

",SI
"PERANCANGAN SISTEM INFORMASI 
PENCATATAN NIKAH DAN PERCERAIAN",SI
"PERANCANGAN DAN IMPLEMENTASI AUTENTIKASI REMOTE
SERVER DENGAN MENGGUNAKAN METODE PORT KNOCKING
BERBASIS LOADABLE KERNEL MODULE

",SI
"PERANCANGAN SISTEM PEMESANAN ONLINE PENGGUNAAN
LAPANGAN FUTSAL DI KOTA YOGYAKARTA",SI
"PEMBANGUNAN PROTOTYPE SISTEM CUSTOMER RELATIONSHIP
MANAGEMENT TOKO BUKU ONLINE",SI
"KEPUTUSAN PEMILIHAN SPESIFIKASI KOMPUTER
DENGAN METODE TOPSIS",SI
"RANCANG BANGUN SISTEM REKOMENDASI GAME
MENGGUNAKAN COLLABORATIVE FILTERING
(STUDI KASUS : TOKO ONLINE KIOSK GAMES)

",SI
"SISTEM PENDUKUNG KEPUTUSAN
PENGATURAN GIZI DAN PENYUSUNAN MENU MAKANAN
ATLET SEPAKBOLA MENGGUNAKAN METODE SIMPLEKS

",SI
" SISTEM PENDUKUNG KEPUTUSAN PENILAIAN KINERJA PEGAWAI MENGGUNAKAN METODE ANALYTIC NETWORK PROCESS (ANP) 
DI RSUD PANEMBAHAN SENOPATI 

",SI
" RANCANG BANGUN SISTEM INFORMASI AKADEMIK MENGGUNAKAN METODE AGILE 
(STUDY KASUS : SMA PIRI 1 YOGYAKARTA) 

",SI
"SISTEM INFORMASI PENJUALAN DAN PENGELOLAAN
BARANG PADA TOKO 366 GADGET",SI
"SISTEM INFORMASI GEOGRAFIS BERBASIS WEB UNTUK
PEMETAAN HASIL PEMILIHAN UMUM DI KOTA YOGYAKARTA

",SI
"SISTEM PENDUKUNG KEPUTUSAN PEMILIHAN LIMA PEMAIN INTI
DALAM CABANG OLAHRAGA FUTSAL MENGGUNAKAN METODE
SIMPLE ADDITIVE WEIGHTING

",SI
" SISTEM PENDUKUNG KEPUTUSAN PEMILIHAN STARTING ELEVEN DALAM CABANG OLAHRAGA SEPAK BOLA MENGGUNAKAN METODE ANALYTICAL HIERARCHY PROCESS 
",SI
"SISTEM INFORMASI INVENTORI USAHA KECIL MENENGAH (UKM)
BERBASIS WEB MENGGUNAKAN PHP DAN MY SQL

",SI
" RANCANG BANGUN SISTEM INFORMASI SURAT UIN SUNAN KALIJAGA MENGGUNAKAN PENDEKATAN AGILE PROCESS DENGAN MODEL EXTREME PROGRAMMING 
",SI
"SISTEM REKOMENDASI DAN RESERVASI PAKET WISATA PADA
AGEN TOUR & TRAVEL MENGGUNAKAN METODE ITEM-BASED
COLLABORATIVE FILTERING

",SI
"RANCANG BANGUN APLIKASI PENCARIAN
LOKASI TOKO OLEH-OLEH YOGYAKARTA
DENGAN METODE LOCATION BASED SERVICE (LBS)
BERBASIS ANDROID

",SI
"IMPLEMENTASI WEB SERVICE
PADA RANCANG BANGUN SISTEM INFORMASI KINERJA DOSEN
DENGAN PENDEKATAN RAPID APPLICATION DEVELOPMENT (RAD)
DI UNIVERSITAS ISLAM NEGERI SUNAN KALIJAGA YOGYAKARTA",SI
"RANCANG BANGUN WEB SISTEM INFORMASI PERPUSTAKAAN DI
UNIVERSITAS BANGKA BELITUNG DENGAN METODE
PROTOTYPING

",SI
"PENGEMBANGAN SISTEM INFORMASI DASHBOARD LAYANAN
RUMAH SAKIT DI RUMAH SAKIT KHUSUS IBU DAN ANAK (RSKIA)
UMMI KHASANAH BANTUL

",SI
"SISTEM ENSIKLOPEDIA INSTRUMEN SULING NUSANTARA
BERBASIS WEB

",SI
"SISTEM INFORMASI GEOGRAFIS
KERUSAKAN RUAS JALAN DI KOTA YOGYAKARTA

",SI
"SISTEM ROBOT MONITORING RUMAH MENGGUNAKAN IOIOBOARD
PADA PONSEL PINTAR BERBASIS ANDROID

",SI
"SISTEM INFORMASI REKAM MEDIS BERBASIS WEB MOBILE
",SI
" RANCANG BANGUN SISTEM E-AUDIT BERBASIS SNI ISO 27001 
",SI
" APLIKASI TRANSLITERASI NOT BALOK DENGAN STRUKTUR FILE MusicXML MENJADI NOT ANGKA BERBASIS ANDROID 
",SI
"SISTEM PENCARIAN LOKASI TOKO BATIK KOTA PEKALONGAN
BERBASIS ANDROID

",SI
"TES UJIAN MASUK PESERTA DIDIK BARU MENGGUNAKAN
SHUFFLING ALGORITHMS DI MADRASAH ALIYAH NEGERI 1
BOYOLALI

",SI
"SISTEM INFORMASI GEOGRAFIS PEMETAAN KLINIK BERSALIN
DI KABUPATEN BANTUL

",SI
"CUSTOMER RELATIONSHIP MANAGEMENT PADA
SISTEM INFORMASI PELAYANAN PELANGGAN HOTEL

",SI
"PERANCANGAN DASHBOARD PENGUJIAN KINERJA
PC ROUTER CLEAR OS DAN MIKROTIK ROUTER OS

",SI
"RANCANG BANGUN APLIKASI ENKRIPSI
SHORT MESSAGE SERVICE (SMS) MENGGUNAKAN
ALGORITMA CAESAR CIPHER DAN ALGORITMA RC4
BERBASIS ANDROID

",SI
"SISTEM INFORMASI GEOGRAFIS KULINER BERBASIS
ANDROID MENGGUNAKAN HAVERSINE FORMULA DI
KOTA YOGYAKARTA

",SI
"RANCANG BANGUN SISTEM EVALUASI PEMBELAJARAN
INTERAKTIF BERBASIS ARTIFICIAL INTELLIGENCE DENGAN
METODE BAYESIAN NETWORK

",SI
"SISTEM PENDUKUNG KEPUTUSAN PENENTUAN LOKASI
PERBAIKAN JALAN DENGAN METODE ANALYTICAL
HIERARCHY PROCESS (AHP)

",SI
"PERANCANGAN SITUS WEB DRAMA KOREA TERBARU
MENGGUNAKAN TEKNIK GRABBING

",SI
"SISTEM INFORMASI MANAJEMEN PESANTREN
AL LUQMANIYYAH YOGYAKARTA
",SI
"SISTEM INFORMASI REKAM MEDIS DI PUSKESMAS PANJATAN I
KABUPATEN KULON PROGO
",SI
PERANCANGAN SISTEM MANAJEMEN PRESENSI FINGERPRINT BERBASIS WEB (STUDI KASUS TRAINING ICT PTIPD UIN SUNAN KALIJAGA YOGYAKARTA),SI
ANALISIS PENGGUNAAN TEKNOLOGI INFORMASI DAN PENGARUHNYA TERHADAP SEMANGAT KERJA PEGAWAI KANTOR KEMENTERIAN AGAMA DI WILAYAH YOGYAKARTA,SI
"SISTEM PENDUKUNG KEPUTUSAN PENENTUAN PRODUKSI BARANG PADA HASIL PEMESANAN (PRE-ORDER) TOKO ONLINE LINUX GEEKERS MENGGUNAKAN METODE AHP 
(ANALYTICAL HIERARCHY PROCESS)",SI
"SISTEM INFORMASI GEOGRAFIS PENDUDUK MISKIN PENERIMA KMS (KARTU MENUJU SEJAHTERA)
DI KECAMATAN KOTAGEDE YOGYAKARTA",SI
"SISTEM PENDUKUNG KEPUTUSAN IDENTIFIKASI
BAKTERI SALMONELLA PADA SUSU BUBUK
DENGAN METODE PROFILE MATCHING
STUDI KASUS : LABORATORIUM PT. TIGARAKSA SATRIA, YOGYAKARTA",SI
"SISTEM PAKAR GRAFOLOGI SEBAGAI ALAT UNTUK
MENGANALISA KARAKTER MANUSIA MELALUI TULISAN TANGAN
",SI
SISTEM INFORMASI PERHOTELAN BERBASIS WEB DI HOTEL SHAGO BUNGSU PAYAKUMBUH,SI
"ANALISIS IMPLEMENTASI SISTEM INFORMASI
MANAJEMEN DI PERUSAHAAN SEKALA KECIL
(STUDI KASUS: KSP AL-AMIN SYARIAH NGAWI)",SI
"RANCANG BANGUN SISTEM APIKASI TRYOUT UJIAN NASIONAL
BERBASIS WEB MENGGUNAKAN PHP MYSQL",SI
"SISTEM INFORMASI MANAJEMEN SUMBER DAYA
PENDIDIKAN
(STUDI KASUS MAJELIS DIKDASMEN PIMPINAN WILAYAH MUHAMMADIYAH
DAERAH ISTIMEWA YOGYAKARTA)",SI
"RANCANG BANGUN APLIKASI LOCATION BASED
SERVICE UNTUK PERGURUAN TINGGI DI
YOGYAKARTA MENGGUNAKAN METODE
GRAPPLE",SI
"PERANCANGAN SISTEM INFORMASI PENGARSIPAN BERITA

MEMANFAATKAN REALLY SIMPLE SYNDICATION PADA KESATUAN

AKSI MAHASISWA MUSLIM INDONESIA PUSAT MENGGUNAKAN

METODE GRABBER",SI
"SISTEM PENJADWALAN OTOMATIS MENGGUNAKAN
ALGORITMA GENETIKA DI FAKULTAS SAINS DAN
TEKNOLOGI",SI
"RANCANG BANGUN SISTEM INFORMASI 
PENGELOLAAN PANTI ASUHAN BERBASIS GEOGRAFIS",SI
"SISTEM INFORMASI GEOGRAFIS
KOMODITAS DAN LUAS LAHAN PERTANIAN
BERBASIS ANDROIDDI KABUPATEN MAGELANG",SI
"SISTEM PEMBELAJARAN TOEFL CHALLENGE
BERBASIS ANDROID",SI
"PENGEMBANGAN CLOUD STORAGE DENGAN PEMANFAATAN
VIRTUALISASI SERVER PADA SISTEM OPERASI
NETWORK ATTACHED STORAGE (FREENAS)",SI
"SISTEM PENDUKUNG KEPUTUSAN
UNTUK SELEKSI NASABAH PENERIMA DANA KREDIT DENGAN
METODE ANALYTICAL HIERARCHY PROCESS (AHP)
(STUDI KASUS BMT MITRA USAHA UMMAT PIYUNGAN BANTUL YOGYAKARTA)",SI
"RANCANG BANGUN SISTEM ENTERPRISE
TERINTEGRASI PERUSAHAAN RENTAL MOBIL
MENGGUNAKAN TEKNOLOGI WEB SERVICE
DENGAN LIBRARY NUSOAP",SI
"SISTEM REAL COUNT PEMILIHAN WALI KOTA YOGYAKARTA
BERBASIS APLIKASI ANDROID DAN APLIKASI WEB",SI
"CUSTOMIZABLE SISTEM PENDATAAN
BERBASIS ANDROID",SI
"PERANCANGAN DAN IMPLEMENTASI PEMESANAN
TIKET PESAWAT
(STUDI KASUS PANDANALAS TOUR YOGYAKARTA)",SI
"PERANCANGAN SISTEM INFORMASI GEOGRAFIS BERBASIS WEB
POTENSI PERTANIAN DI PROVINSI SULAWESI BARAT",SI
"RANCANG BANGUN SISTEM INFORMASI REGISTRASI TILANG DI KEJAKSAAN NEGERI SUKAMARA
KALIMANTAN TENGAH",SI
"RANCANG BANGUN SISTEM INFORMASI
MANAJEMEN LAUNDRY BERBASIS ANDROID
DENGAN METODE EXTREME PROGRAMMING",SI
"PENGEMBANGAN SISTEM INFORMASI PEMETAAN
PENGHASIL TANAMAN PANGAN MENGGUNAKAN
METODE EXTREME PROGRAMMING",SI
"PERANCANGAN SISTEM FILE DETECTION DAN
REKOMENDASI FILE OPENER
BERBASIS WEB",SI
"PENERAPAN ALGORITMA TRAVELLING SALESMAN PROBLEM
PROBLEM WITH PRECEDENCE CONSTRAINT (TSPPC) PADA
OPTIMALISASI RUTE TERPENDEK PEMANDU WISATA DI
YOGYAKARTA BERBASIS ANDROID",SI
"RANCANG BANGUN DASHBOARD PENGUJIAN KINERJA SERVER
DEBIAN DAN CENTOS BERBASIS WEB",SI
"SISTEM INFORMASI GEOGRAFIS
PEMETAAN DAERAH RAWAN BENCANA ALAM
DI KABUPATEN KEBUMEN BERBASIS WEB",SI
"PENGEMBANGAN SISTEM
MENGGUNAKAN MODEL EXTREME PROGRAMMING
PADA SISTEM INFORMASI PEMETAAN POTENSI PERTANIAN",SI
"APLIKASI SISTEM KEHADIRAN SISWA MENGGUNAKAN
RADIO FREQUENCY IDENTIFICATION (RFID)
DI SMK MA’ARIF NU 1 KEMBARAN",SI
"SISTEM INFORMASI GEOGRAFIS BERBASIS WEB UNTUK
PEMETAAN KOMODITAS PERTANIAN DI KABUPATEN
TEMANGGUNG",SI
ANALISIS USER EXPERIENCE MEDIA SOSIAL MINDTALK,SI
"SISTEM INFORMASI GEOGRAFIS PEMETAAN NASABAH KOPERASI
STUDY KASUS KOPERASI KELUARGA SEJAHTERA KLATEN",SI
"SISTEM REKOMENDASI INTEGRASI TRANSPORTASI UMUM KOTA
YOGYAKARTA BERBASIS ANDROID DENGAN METODE
COLLABORATIVE FILTERING",SI
"SISTEM PEMESANAN MENU BERBASIS WEB MEMANFAATKAN
MIKROTIK API (STUDI KASUS: MIAW SHAKE CAT CAFE)",SI
"RANCANG BANGUN ECOMMERCE TOKO PERNIK DIGITAL
DENGAN METODE FEATURE DRIVEN DEVELOPMENT",SI
"SISTEM INFORMASI PEMETAAN SEKOLAH MENENGAH ATAS
DI KABUPATEN BANTUL MENGGUNAKAN QUANTUM GIS",SI
"RANCANG BANGUN GAME 3D SIMULASI BUDIDAYA ITIK
BERBASIS FINITE STATE MACHINE (FSM)
MENGGUNAKAN BLENDER GAME ENGINE",SI
RANCANG BANGUN APLIKASI PENDATAAN KELUARGA BERENCANA MENGGUNAKAN HOMOGENEOUS DISTRIBUTED DATABASE SYSTEM,SI
"ANALISIS SISTEM PRESENSI TRAINING ICT UIN SUNAN KALIJAGA
YOGYAKARTA
BERDASARKAN TEORI KUALITAS MCCALL",SI
"SISTEM PENDUKUNG KEPUTUSAN PENERIMAAN FASILITATOR
PELATIHAN ICT DI PTIPD UIN SUNAN KALIJAGA DENGAN
MENGGUNAKAN METODE PROFILE MATCHING",SI
"RANCANG BANGUN SISTEM PEMETAAN TEMPAT
PELAYANAN KESEHATAN BERBASIS WEB DI
KABUPATEN KLATEN",SI
"ANALISIS SISTEM INFORMASI KEUANGAN DESA DI KECAMATAN
WONOSARI KLATEN BERDASARKAN TEORI KUALITAS MCCALL",SI
"RANCANG BANGUN APLIKASI PRESENSI KARYAWAN BERBASIS
ANDROID DENGAN METODE EXTREME PROGRAMMING PADA
PT. GESCHOOL CERDAS MANDIRI",SI
"SISTEM INFORMASI RENCANA ANGGARAN PENDAPATAN DAN
BELANJA SEKOLAH (RAPBS) MENGGUNAKAN METODE EXTREME
PROGRAMMING DI LINGKUNGAN SEKOLAH PERSYARIKATAN
MUHAMMADIYAH DAERAH ISTIMEWA YOGYAKARTA",SI
"ANALISIS ASPEK OPERASIONAL SISTEM INFORMASI KEUANGAN
PEMERINTAHAN DAERAH JAWA TENGAH BERDASARKAN
MCCALL’S QUALITY FACTOR",SI
"PENGEMBANGAN SISTEM INFORMASI PEMETAAN
DAERAH RAWAN TANAH LONGSOR MENGGUNAKAN
METODE EXTREME PROGRAMMING",SI
"IMPLEMENTASI SISTEM PENDUKUNG KEPUTUSAN
PENERIMAAN BEASISWA BIDIKMISI MENGGUNAKAN
METODE PROFILE MATCHING",SI
RANCANG BANGUN SISTEM INFORMASI PENILAIAN KINERJA INSTRUKTUR TRAINING ICT MENGGUNAKAN METODE EXTREME PROGRAMMING,SI
IMPLEMENTASI ALGORITMA GENETIKA UNTUK PENJADWALAN INSTRUKTUR TRAINING ICT DI UIN SUNAN KALIJAGA,SI
"PERANCANGAN SISTEM INFORMASI DASHBOARD DOKUMENTASI MUTU AKREDITASI
SEKOLAH PADA MAJELIS PENDIDIKAN DASAR DAN MENENGAH PWM DIY DENGAN
METODE SYSTEM DEVELOPMENT LIFE CYCLE",SI
"PERANCANGAN SIMULASI VIRTUAL TOUR PERPUSTAKAAN UIN
SUNAN KALIJAGA MENGGUNAKAN UNITY ENGINE",SI
RANCANG BANGUN SISTEM PENYEDIA KONTEN MENGGUNAKAN METODE AGILE,SI
SISTEM REKOMENDASI PEMILIHAN RESEP MASAKAN MENGGUNAKAN METODE ITEM BASED COLLABORATIVE FILTERING,SI
"RANCANG BANGUN SISTEM E-LEANING DI SMA N 1
SEKAMPUNG UDIK MENGGUNAKAN METODE AGILE",SI
"RANCANG BANGUN APLIKASI SISTEM E-LEARNING
MENGGUNAKAN METODE PROTOTYPING
PADA SMK N 4 KLATEN",SI
"RANCANG BANGUN SISTEM E-LEARNING DI SMKN I BOYOLALI
DENGAN METODE PROTOTYPING",SI
"PERANCANGAN E-COMMERCE DISTRO ROVERLAND
MENGGUNAKAN METODE PROTOTYPING",SI
"RANCANG BANGUN SISTEM E-LEARNING DI MAN I BANJARNEGARA
DENGAN METODE EXTREME PROGRAMMING",SI
"PENGEMBANGAN SISTEM RESERVASI LAPANGAN FUTSAL
BERBASIS APLIKASI ANDROID DENGAN METODE EXTREME
PROGRAMMING",SI
RANCANG BANGUN APLIKASI RENCANA ANGGARAN BIAYA (RAB) UNTUK BANGUNAN SEDERHANA DI YOGYAKARTA BERBASIS ANDROID DENGAN METODE EXTREME PROGRAMMING,SI
"SISTEM INFORMASI GEOGRAFIS JALAN DAN JEMBATAN
DI KABUPATEN WONOGIRI",SI
"SISTEM PENDUKUNG KEPUTUSAN
PEMILIHAN KEPALA ASRAMA PONDOK PESANTREN ASSALAFIE BABAKAN CIWARINGIN CIREBON DENGAN METODE
SIMPLE ADDITIVE WEIGHTING (SAW) DAN PROFILE MATCHING",SI
"SISTEM PENDUKUNG KEPUTUSAN PEMILIHAN KARYAWAN TERBAIK
WARNET “NET CITY” DENGAN METODE SIMPLE ADDITIVE
WEIGHTING (SAW)",SI
